"ID","EID","SFID","SF","LACT","BDAT","CBRD","GNDR","BW8T","TECH","Event","AGE","Date","Remark","Protocols","Technician"
1031655,840003286114807,31655,1,0,"1/7/2025","J    ","F     ",62,0,"TOGROWR    ",1,2025-01-08,"","",""
1031669,840003286114802,31669,1,0,"1/6/2025","J    ","F     ",70,0,"TOGROWR    ",1,2025-01-07,"","",""
1031670,840003286114801,31670,1,0,"1/6/2025","J    ","F     ",68,0,"TOGROWR    ",1,2025-01-07,"","",""
1031671,840003286114819,31671,1,0,"1/7/2025","H    ","F     ",85,0,"TOGROWR    ",1,2025-01-08,"","",""
1031672,840003286114808,31672,1,0,"1/7/2025","H    ","F     ",90,0,"TOGROWR    ",1,2025-01-08,"","",""
1031673,840003286114813,31673,1,0,"1/8/2025","J    ","F     ",58,0,"TOGROWR    ",1,2025-01-09,"","",""
1031674,840003286114811,31674,1,0,"1/7/2025","J    ","F     ",59,0,"TOGROWR    ",1,2025-01-08,"","",""
1031675,840003286114815,31675,1,0,"1/7/2025","J    ","F     ",63,0,"TOGROWR    ",1,2025-01-08,"","",""
1031676,840003286114804,31676,1,0,"1/7/2025","J    ","F     ",74,0,"TOGROWR    ",1,2025-01-08,"","",""
1031677,840003286114805,31677,1,0,"1/7/2025","J    ","F     ",60,0,"TOGROWR    ",1,2025-01-08,"","",""
1031678,840003286114816,31678,1,0,"1/7/2025","J    ","F     ",74,0,"TOGROWR    ",1,2025-01-08,"","",""
1031679,840003286114820,31679,1,0,"1/7/2025","H    ","F     ",92,0,"TOGROWR    ",1,2025-01-08,"","",""
1031680,840003286114809,31680,1,0,"1/7/2025","J    ","F     ",53,0,"TOGROWR    ",1,2025-01-08,"","",""
1031681,840003286114817,31681,1,0,"1/7/2025","H    ","F     ",93,0,"TOGROWR    ",1,2025-01-08,"","",""
1031682,840003286114806,31682,1,0,"1/7/2025","J    ","F     ",80,0,"TOGROWR    ",1,2025-01-08,"","",""
1031683,840003286114810,31683,1,0,"1/8/2025","J    ","F     ",58,0,"TOGROWR    ",1,2025-01-09,"","",""
1031684,840003286114814,31684,1,0,"1/8/2025","J    ","F     ",60,0,"TOGROWR    ",1,2025-01-09,"","",""
1031685,840003286114821,31685,1,0,"1/8/2025","J    ","F     ",60,0,"TOGROWR    ",1,2025-01-09,"","",""
1031686,840003286114818,31686,1,0,"1/8/2025","H    ","F     ",103,0,"TOGROWR    ",1,2025-01-09,"","",""
1031687,840003286114822,31687,1,0,"1/8/2025","H    ","F     ",95,0,"TOGROWR    ",1,2025-01-09,"","",""
1031688,840003286114803,31688,1,0,"1/8/2025","J    ","F     ",56,0,"TOGROWR    ",1,2025-01-09,"","",""
1031689,840003286114826,31689,1,0,"1/8/2025","J    ","F     ",60,0,"TOGROWR    ",1,2025-01-09,"","",""
1031690,840003286114825,31690,1,0,"1/9/2025","J    ","F     ",66,0,"TOGROWR    ",1,2025-01-10,"","",""
1031691,840003286114824,31691,1,0,"1/8/2025","J    ","F     ",53,0,"TOGROWR    ",1,2025-01-09,"","",""
1031692,840003286114828,31692,1,0,"1/8/2025","J    ","F     ",81,0,"TOGROWR    ",1,2025-01-09,"","",""
1031693,840003286114827,31693,1,0,"1/8/2025","J    ","F     ",58,0,"TOGROWR    ",1,2025-01-09,"","",""
1031694,840003286114832,31694,1,0,"1/9/2025","H    ","F     ",105,0,"TOGROWR    ",1,2025-01-10,"","",""
1031695,840003286114830,31695,1,0,"1/9/2025","J    ","F     ",62,0,"TOGROWR    ",1,2025-01-10,"","",""
1031696,840003286114835,31696,1,0,"1/9/2025","H    ","F     ",85,0,"TOGROWR    ",1,2025-01-10,"","",""
1031697,840003286114831,31697,1,0,"1/9/2025","J    ","F     ",68,0,"TOGROWR    ",1,2025-01-10,"","",""
1031698,840003286114829,31698,1,0,"1/9/2025","J    ","F     ",63,0,"TOGROWR    ",1,2025-01-10,"","",""
1031699,840003286114836,31699,1,0,"1/9/2025","J    ","F     ",58,0,"TOGROWR    ",1,2025-01-10,"","",""
1031700,840003286114833,31700,1,0,"1/9/2025","J    ","F     ",30,0,"TOGROWR    ",1,2025-01-10,"","",""
1031701,840003286114823,31701,1,0,"1/9/2025","J    ","F     ",68,0,"TOGROWR    ",1,2025-01-10,"","",""
1031702,840003286114839,31702,1,0,"1/9/2025","H    ","F     ",87,0,"TOGROWR    ",1,2025-01-10,"","",""
1031703,840003286114840,31703,1,0,"1/9/2025","H    ","F     ",63,0,"TOGROWR    ",1,2025-01-10,"","",""
1031704,840003286114838,31704,1,0,"1/10/2025","J    ","F     ",64,0,"TOGROWR    ",1,2025-01-11,"","",""
1031705,840003286114834,31705,1,0,"1/10/2025","J    ","F     ",67,0,"TOGROWR    ",1,2025-01-11,"","",""
1031706,840003286114837,31706,1,0,"1/10/2025","J    ","F     ",68,0,"TOGROWR    ",1,2025-01-11,"","",""
1031707,840003286114842,31707,1,0,"1/10/2025","J    ","F     ",65,0,"TOGROWR    ",1,2025-01-11,"","",""
1031708,840003286114841,31708,1,0,"1/10/2025","J    ","F     ",66,0,"TOGROWR    ",1,2025-01-11,"","",""
1031709,840003286114847,31709,1,0,"1/10/2025","J    ","F     ",69,0,"TOGROWR    ",1,2025-01-11,"","",""
1031710,840003286114843,31710,1,0,"1/10/2025","J    ","F     ",62,0,"TOGROWR    ",1,2025-01-11,"","",""
1031711,840003286114844,31711,1,0,"1/10/2025","J    ","F     ",66,0,"TOGROWR    ",1,2025-01-11,"","",""
1031712,840003286114845,31712,1,0,"1/10/2025","H    ","F     ",90,0,"TOGROWR    ",1,2025-01-11,"","",""
1031713,840003286114846,31713,1,0,"1/10/2025","J    ","F     ",75,0,"TOGROWR    ",1,2025-01-11,"","",""
1031714,840003286114850,31714,1,0,"1/10/2025","J    ","F     ",68,0,"TOGROWR    ",1,2025-01-11,"","",""
1031715,840003286114854,31715,1,0,"1/10/2025","J    ","F     ",60,0,"TOGROWR    ",1,2025-01-11,"","",""
1031716,840003286114858,31716,1,0,"1/11/2025","H    ","F     ",79,0,"TOGROWR    ",1,2025-01-12,"","",""
1031717,840003286114862,31717,1,0,"1/11/2025","H    ","F     ",82,0,"TOGROWR    ",1,2025-01-12,"","",""
1031718,840003286114861,31718,1,0,"1/11/2025","H    ","F     ",105,0,"TOGROWR    ",1,2025-01-12,"","",""
1031719,840003286114849,31719,1,0,"1/11/2025","H    ","F     ",92,0,"TOGROWR    ",1,2025-01-12,"","",""
1031720,840003286114855,31720,1,0,"1/11/2025","J    ","F     ",75,0,"TOGROWR    ",1,2025-01-12,"","",""
1031721,840003290176998,31721,1,0,"1/11/2025","J    ","F     ",62,0,"TOGROWR    ",1,2025-01-12,"","",""
1031722,840003286114852,31722,1,0,"1/11/2025","J    ","F     ",80,0,"TOGROWR    ",1,2025-01-12,"","",""
1031723,840003286114853,31723,1,0,"1/11/2025","J    ","F     ",55,0,"TOGROWR    ",1,2025-01-12,"","",""
1031724,840003286114851,31724,1,0,"1/11/2025","J    ","F     ",55,0,"TOGROWR    ",1,2025-01-12,"","",""
1031725,840003286114848,31725,1,0,"1/11/2025","H    ","F     ",87,0,"TOGROWR    ",1,2025-01-12,"","",""
1031726,840003286114856,31726,1,0,"1/11/2025","J    ","F     ",86,0,"TOGROWR    ",1,2025-01-12,"","",""
2002825,840003290176959,2825,2,0,"1/9/2025","B    ","F     ",110,0,"TOGROWR    ",1,2025-01-10,"","",""
2002826,840003290177034,2826,2,0,"1/9/2025","B    ","F     ",82,0,"TOGROWR    ",1,2025-01-10,"","",""
2002827,840003290176936,2827,2,0,"1/9/2025","H    ","F     ",105,0,"TOGROWR    ",1,2025-01-10,"","",""
2002828,840003290176954,2828,2,0,"1/9/2025","H    ","F     ",92,0,"TOGROWR    ",1,2025-01-10,"","",""
2002829,840003290176941,2829,2,0,"1/9/2025","H    ","F     ",86,0,"TOGROWR    ",1,2025-01-10,"","",""
2002830,840003290176978,2830,2,0,"1/9/2025","B    ","F     ",109,0,"TOGROWR    ",1,2025-01-10,"","",""
2002831,840003290177086,2831,2,0,"1/9/2025","B    ","F     ",97,0,"TOGROWR    ",1,2025-01-10,"","",""
2002832,840003290176950,2832,2,0,"1/9/2025","H    ","F     ",85,0,"TOGROWR    ",1,2025-01-10,"","",""
2002833,840003290176944,2833,2,0,"1/9/2025","B    ","F     ",92,0,"TOGROWR    ",1,2025-01-10,"","",""
2002834,840003290177004,2834,2,0,"1/10/2025","B    ","F     ",81,0,"TOGROWR    ",1,2025-01-11,"","",""
2002835,982000467860931,2835,2,0,"1/10/2025","B    ","F     ",111,0,"TOGROWR    ",1,2025-01-11,"","",""
2002836,982000467860995,2836,2,0,"1/10/2025","B    ","F     ",88,0,"TOGROWR    ",1,2025-01-11,"","",""
2002837,840003290177000,2837,2,0,"1/10/2025","B    ","F     ",97,0,"TOGROWR    ",1,2025-01-11,"","",""
2002838,840003290177008,2838,2,0,"1/11/2025","B    ","F     ",110,0,"TOGROWR    ",1,2025-01-12,"","",""
2002839,840003290177027,2839,2,0,"1/11/2025","B    ","F     ",87,0,"TOGROWR    ",1,2025-01-12,"","",""
2002840,982000467860963,2840,2,0,"1/11/2025","B    ","F     ",82,0,"TOGROWR    ",1,2025-01-12,"","",""
2002841,982000467860989,2841,2,0,"1/11/2025","B    ","F     ",104,0,"TOGROWR    ",1,2025-01-12,"","",""
2002842,840003290176962,2842,2,0,"1/11/2025","B    ","F     ",96,0,"TOGROWR    ",1,2025-01-12,"","",""
2002843,840003290176990,2843,2,0,"1/11/2025","B    ","F     ",87,0,"TOGROWR    ",1,2025-01-12,"","",""
2002844,982000467860915,2844,2,0,"1/11/2025","B    ","F     ",96,0,"TOGROWR    ",1,2025-01-12,"","",""
2002845,840003290176993,2845,2,0,"1/11/2025","B    ","F     ",103,0,"TOGROWR    ",1,2025-01-12,"","",""
2002846,840003290176981,2846,2,0,"1/11/2025","B    ","F     ",79,0,"TOGROWR    ",1,2025-01-12,"","",""
2002847,982000467860985,2847,2,0,"1/11/2025","B    ","F     ",84,0,"TOGROWR    ",1,2025-01-12,"","",""
2002848,840003290176955,2848,2,0,"1/11/2025","B    ","F     ",90,0,"TOGROWR    ",1,2025-01-12,"","",""
2002849,982000467860917,2849,2,0,"1/11/2025","B    ","F     ",104,0,"TOGROWR    ",1,2025-01-12,"","",""
2002850,840003290176963,2850,2,0,"1/11/2025","H    ","F     ",89,0,"TOGROWR    ",1,2025-01-12,"","",""
2002851,982000467860922,2851,2,0,"1/11/2025","B    ","F     ",93,0,"TOGROWR    ",1,2025-01-12,"","",""
2002852,840003290176973,2852,2,0,"1/11/2025","H    ","F     ",85,0,"TOGROWR    ",1,2025-01-12,"","",""
3011688,840003290176956,11688,3,0,"1/7/2025","M    ","F     ",86,0,"TOGROWR    ",1,2025-01-08,"","",""
3011689,840003290177054,11689,3,0,"1/7/2025","M    ","F     ",80,0,"TOGROWR    ",1,2025-01-08,"","",""
3011690,840003290177080,11690,3,0,"1/7/2025","H    ","F     ",85,0,"TOGROWR    ",1,2025-01-08,"","",""
3011691,840003290177060,11691,3,0,"1/7/2025","M    ","F     ",110,0,"TOGROWR    ",1,2025-01-08,"","",""
3011692,840003290176930,11692,3,0,"1/7/2025","M    ","F     ",85,0,"TOGROWR    ",1,2025-01-08,"","",""
3011693,840003290177088,11693,3,0,"1/7/2025","M    ","F     ",90,0,"TOGROWR    ",1,2025-01-08,"","",""
3011694,840003290176952,11694,3,0,"1/7/2025","M    ","F     ",90,0,"TOGROWR    ",1,2025-01-08,"","",""
3011695,840003290177056,11695,3,0,"1/7/2025","M    ","F     ",90,0,"TOGROWR    ",1,2025-01-08,"","",""
3011696,840003290177091,11696,3,0,"1/7/2025","M    ","F     ",80,0,"TOGROWR    ",1,2025-01-08,"","",""
3011697,840003290177042,11697,3,0,"1/7/2025","H    ","F     ",80,0,"TOGROWR    ",1,2025-01-08,"","",""
3011698,840003290176926,11698,3,0,"1/8/2025","M    ","F     ",100,0,"TOGROWR    ",1,2025-01-09,"","",""
3011699,840003290176932,11699,3,0,"1/8/2025","M    ","F     ",93,0,"TOGROWR    ",1,2025-01-09,"","",""
3011700,840003290177113,11700,3,0,"1/8/2025","M    ","F     ",95,0,"TOGROWR    ",1,2025-01-09,"","",""
3011701,840003290176945,11701,3,0,"1/8/2025","M    ","F     ",89,0,"TOGROWR    ",1,2025-01-09,"","",""
3011702,840003290177014,11702,3,0,"1/8/2025","M    ","F     ",90,0,"TOGROWR    ",1,2025-01-09,"","",""
3011703,840003290176953,11703,3,0,"1/9/2025","M    ","F     ",100,0,"TOGROWR    ",1,2025-01-10,"","",""
3011704,840003290177082,11704,3,0,"1/9/2025","M    ","F     ",95,0,"TOGROWR    ",1,2025-01-10,"","",""
3011705,840003290177007,11705,3,0,"1/9/2025","M    ","F     ",90,0,"TOGROWR    ",1,2025-01-10,"","",""
3011706,840003290177029,11706,3,0,"1/9/2025","M    ","F     ",95,0,"TOGROWR    ",1,2025-01-10,"","",""
3011707,840003290176986,11707,3,0,"1/9/2025","M    ","F     ",96,0,"TOGROWR    ",1,2025-01-10,"","",""
3011708,840003290177076,11708,3,0,"1/9/2025","H    ","F     ",78,0,"TOGROWR    ",1,2025-01-10,"","",""
3011709,840003290177071,11709,3,0,"1/9/2025","M    ","F     ",85,0,"TOGROWR    ",1,2025-01-10,"","",""
3011710,840003290176968,11710,3,0,"1/10/2025","M    ","F     ",96,0,"TOGROWR    ",1,2025-01-11,"","",""
3011711,840003290177073,11711,3,0,"1/10/2025","M    ","F     ",93,0,"TOGROWR    ",1,2025-01-11,"","",""
3011712,840003290176933,11712,3,0,"1/10/2025","M    ","F     ",86,0,"TOGROWR    ",1,2025-01-11,"","",""
3011713,840003290177006,11713,3,0,"1/10/2025","M    ","F     ",98,0,"TOGROWR    ",1,2025-01-11,"","",""
3011714,840003290177022,11714,3,0,"1/10/2025","M    ","F     ",90,0,"TOGROWR    ",1,2025-01-11,"","",""
3011715,840003290177017,11715,3,0,"1/10/2025","M    ","F     ",89,0,"TOGROWR    ",1,2025-01-11,"","",""
3011716,840003290177104,11716,3,0,"1/10/2025","M    ","F     ",91,0,"TOGROWR    ",1,2025-01-11,"","",""
3011717,840003290176961,11717,3,0,"1/10/2025","M    ","F     ",97,0,"TOGROWR    ",1,2025-01-11,"","",""
3011718,982000467860910,11718,3,0,"1/11/2025","M    ","F     ",98,0,"TOGROWR    ",1,2025-01-12,"","",""
3011719,840003290177001,11719,3,0,"1/11/2025","M    ","F     ",108,0,"TOGROWR    ",1,2025-01-12,"","",""
3011720,840003290176921,11720,3,0,"1/11/2025","M    ","F     ",85,0,"TOGROWR    ",1,2025-01-12,"","",""
3011721,982000467860939,11721,3,0,"1/11/2025","H    ","F     ",101,0,"TOGROWR    ",1,2025-01-12,"","",""
3011722,840003290176971,11722,3,0,"1/11/2025","H    ","F     ",84,0,"TOGROWR    ",1,2025-01-12,"","",""
3011723,840003290177011,11723,3,0,"1/11/2025","M    ","F     ",83,0,"TOGROWR    ",1,2025-01-12,"","",""
3011724,840003290176974,11724,3,0,"1/11/2025","H    ","F     ",95,0,"TOGROWR    ",1,2025-01-12,"","",""
4006576,840003296452325,6576,4,0,"1/7/2025","H    ","F     ",74,0,"TOGROWR    ",1,2025-01-08,"","",""
4006577,840003296452326,6577,4,0,"1/7/2025","H    ","F     ",71,0,"TOGROWR    ",1,2025-01-08,"","",""
4006578,840003296452327,6578,4,0,"1/7/2025","H    ","F     ",79,0,"TOGROWR    ",1,2025-01-08,"","",""
4006580,840003296452328,6580,4,0,"1/7/2025","H    ","F     ",68,0,"TOGROWR    ",1,2025-01-08,"","",""
4006589,840003296452329,6589,4,0,"1/8/2025","H    ","F     ",77,0,"TOGROWR    ",1,2025-01-09,"","",""
4006590,840003296452330,6590,4,0,"1/8/2025","H    ","F     ",86,0,"TOGROWR    ",1,2025-01-09,"","",""
4006592,840003296452331,6592,4,0,"1/8/2025","H    ","F     ",80,0,"TOGROWR    ",1,2025-01-09,"","",""
4006593,840003296452332,6593,4,0,"1/8/2025","H    ","F     ",79,0,"TOGROWR    ",1,2025-01-09,"","",""
4006595,840003296452333,6595,4,0,"1/8/2025","H    ","F     ",74,0,"TOGROWR    ",1,2025-01-09,"","",""
4006596,840003296452334,6596,4,0,"1/8/2025","H    ","F     ",80,0,"TOGROWR    ",1,2025-01-09,"","",""
4006597,840003296452335,6597,4,0,"1/9/2025","H    ","F     ",67,0,"TOGROWR    ",1,2025-01-10,"","",""
4006598,840003296452336,6598,4,0,"1/9/2025","H    ","F     ",83,0,"TOGROWR    ",1,2025-01-10,"","",""
4006599,840003296452337,6599,4,0,"1/9/2025","H    ","F     ",78,0,"TOGROWR    ",1,2025-01-10,"","",""
4006600,840003296452338,6600,4,0,"1/9/2025","H    ","F     ",80,0,"TOGROWR    ",1,2025-01-10,"","",""
4006601,840003296452339,6601,4,0,"1/10/2025","H    ","F     ",83,0,"TOGROWR    ",1,2025-01-11,"","",""
4006602,840003296452340,6602,4,0,"1/10/2025","H    ","F     ",95,0,"TOGROWR    ",1,2025-01-11,"","",""
4006604,840003296452341,6604,4,0,"1/10/2025","H    ","F     ",58,0,"TOGROWR    ",1,2025-01-11,"","",""
4006607,840003296452342,6607,4,0,"1/10/2025","H    ","F     ",85,0,"TOGROWR    ",1,2025-01-11,"","",""
4006610,840003296452343,6610,4,0,"1/11/2025","H    ","F     ",87,0,"TOGROWR    ",1,2025-01-12,"","",""
4006613,840003296452344,6613,4,0,"1/11/2025","H    ","F     ",85,0,"TOGROWR    ",1,2025-01-12,"","",""
5002878,840003298241507,2878,5,0,"1/7/2025","H    ","F     ",67,0,"TOGROWR    ",1,2025-01-08,"","",""
5002879,840003298241508,2879,5,0,"1/7/2025","H    ","F     ",66,0,"TOGROWR    ",1,2025-01-08,"","",""
5002880,840003298241509,2880,5,0,"1/9/2025","H    ","F     ",76,0,"TOGROWR    ",1,2025-01-10,"","",""
5002881,840003298241510,2881,5,0,"1/8/2025","H    ","F     ",82,0,"TOGROWR    ",1,2025-01-09,"","",""
5002882,840003298241511,2882,5,0,"1/8/2025","H    ","F     ",70,0,"TOGROWR    ",1,2025-01-09,"","",""
5002883,840003298241512,2883,5,0,"1/8/2025","H    ","F     ",84,0,"TOGROWR    ",1,2025-01-09,"","",""
5002884,840003298241513,2884,5,0,"1/10/2025","H    ","F     ",86,0,"TOGROWR    ",1,2025-01-11,"","",""
5002885,840003298241514,2885,5,0,"1/11/2025","H    ","F     ",89,0,"TOGROWR    ",1,2025-01-12,"","",""
5002886,840003298241515,2886,5,0,"1/11/2025","H    ","F     ",84,0,"TOGROWR    ",1,2025-01-12,"","",""
5002887,840003298241516,2887,5,0,"1/11/2025","H    ","F     ",77,0,"TOGROWR    ",1,2025-01-12,"","",""
6063503,840003263409803,63503,6,0,"1/7/2025","H    ","F     ",73,0,"TOGROWR    ",1,2025-01-08,"","",""
6063504,840003263409804,63504,6,0,"1/7/2025","H    ","F     ",70,0,"TOGROWR    ",1,2025-01-08,"","",""
6063505,840003263409805,63505,6,0,"1/7/2025","H    ","F     ",73,0,"TOGROWR    ",1,2025-01-08,"","",""
6063506,840003263409806,63506,6,0,"1/7/2025","H    ","F     ",84,0,"TOGROWR    ",1,2025-01-08,"","",""
6063507,840003263409807,63507,6,0,"1/7/2025","H    ","F     ",91,0,"TOGROWR    ",1,2025-01-08,"","",""
6063508,840003263409808,63508,6,0,"1/8/2025","H    ","F     ",73,0,"TOGROWR    ",1,2025-01-09,"","",""
6063509,840003263409809,63509,6,0,"1/9/2025","H    ","F     ",78,0,"TOGROWR    ",1,2025-01-10,"","",""
6063510,840003263409810,63510,6,0,"1/9/2025","H    ","F     ",96,0,"TOGROWR    ",1,2025-01-10,"","",""
6063511,840003263409811,63511,6,0,"1/9/2025","H    ","F     ",61,0,"TOGROWR    ",1,2025-01-10,"","",""
6063512,840003263409812,63512,6,0,"1/9/2025","H    ","F     ",101,0,"TOGROWR    ",1,2025-01-10,"","",""
6063513,840003263409813,63513,6,0,"1/10/2025","H    ","F     ",76,0,"TOGROWR    ",1,2025-01-11,"","",""
6063514,840003263409814,63514,6,0,"1/10/2025","H    ","F     ",78,0,"TOGROWR    ",1,2025-01-11,"","",""
6063515,840003263409815,63515,6,0,"1/11/2025","H    ","F     ",74,0,"TOGROWR    ",1,2025-01-12,"","",""
6063516,840003263409816,63516,6,0,"1/11/2025","H    ","F     ",86,0,"TOGROWR    ",1,2025-01-12,"","",""
7008833,840003284999522,8833,7,0,"1/7/2025","H    ","F     ",85,0,"TOGROWR    ",1,2025-01-08,"","",""
7008834,840003284999523,8834,7,0,"1/9/2025","H    ","F     ",75,0,"TOGROWR    ",1,2025-01-10,"","",""
7008835,840003284999524,8835,7,0,"1/9/2025","H    ","F     ",87,0,"TOGROWR    ",1,2025-01-10,"","",""
7008836,840003284999525,8836,7,0,"1/9/2025","H    ","F     ",85,0,"TOGROWR    ",1,2025-01-10,"","",""
7008837,840003284999526,8837,7,0,"1/9/2025","H    ","F     ",91,0,"TOGROWR    ",1,2025-01-10,"","",""
7008838,840003284999527,8838,7,0,"1/10/2025","H    ","F     ",92,0,"TOGROWR    ",1,2025-01-11,"","",""
9033694,840003298855013,33694,9,0,"1/7/2025","H    ","F     ",93,0,"TOGROWR    ",1,2025-01-08,"","",""
9033695,840003298855014,33695,9,0,"1/7/2025","H    ","F     ",81,0,"TOGROWR    ",1,2025-01-08,"","",""
9033696,840003298855015,33696,9,0,"1/7/2025","H    ","F     ",68,0,"TOGROWR    ",1,2025-01-08,"","",""
9033697,840003298855016,33697,9,0,"1/7/2025","H    ","F     ",74,0,"TOGROWR    ",1,2025-01-08,"","",""
9033698,840003298855017,33698,9,0,"1/7/2025","H    ","F     ",89,0,"TOGROWR    ",1,2025-01-08,"","",""
9033699,840003298855018,33699,9,0,"1/8/2025","H    ","F     ",83,0,"TOGROWR    ",1,2025-01-09,"","",""
9033700,840003298855019,33700,9,0,"1/8/2025","H    ","F     ",81,0,"TOGROWR    ",1,2025-01-09,"","",""
9033701,840003298855020,33701,9,0,"1/8/2025","H    ","F     ",90,0,"TOGROWR    ",1,2025-01-09,"","",""
9033702,840003298855021,33702,9,0,"1/8/2025","H    ","F     ",85,0,"TOGROWR    ",1,2025-01-09,"","",""
9033703,840003298855022,33703,9,0,"1/8/2025","H    ","F     ",86,0,"TOGROWR    ",1,2025-01-09,"","",""
9033705,840003298855024,33705,9,0,"1/8/2025","H    ","F     ",70,0,"TOGROWR    ",1,2025-01-09,"","",""
9033706,840003298855025,33706,9,0,"1/9/2025","H    ","F     ",95,0,"TOGROWR    ",1,2025-01-10,"","",""
9033707,840003298855026,33707,9,0,"1/9/2025","H    ","F     ",98,0,"TOGROWR    ",1,2025-01-10,"","",""
9033708,840003298855027,33708,9,0,"1/9/2025","H    ","F     ",85,0,"TOGROWR    ",1,2025-01-10,"","",""
9033709,840003298855028,33709,9,0,"1/9/2025","H    ","F     ",82,0,"TOGROWR    ",1,2025-01-10,"","",""
9033710,840003298855029,33710,9,0,"1/9/2025","H    ","F     ",85,0,"TOGROWR    ",1,2025-01-10,"","",""
9033711,840003298855030,33711,9,0,"1/10/2025","H    ","F     ",96,0,"TOGROWR    ",1,2025-01-11,"","",""
9033712,840003298855031,33712,9,0,"1/10/2025","H    ","F     ",76,0,"TOGROWR    ",1,2025-01-11,"","",""
9033713,840003298855032,33713,9,0,"1/10/2025","H    ","F     ",79,0,"TOGROWR    ",1,2025-01-11,"","",""
9033714,840003298855033,33714,9,0,"1/11/2025","H    ","F     ",83,0,"TOGROWR    ",1,2025-01-12,"","",""
9033715,840003298855034,33715,9,0,"1/11/2025","H    ","F     ",77,0,"TOGROWR    ",1,2025-01-12,"","",""
9033716,840003298855035,33716,9,0,"1/11/2025","H    ","F     ",76,0,"TOGROWR    ",1,2025-01-12,"","",""
9033717,840003298855036,33717,9,0,"1/11/2025","H    ","F     ",85,0,"TOGROWR    ",1,2025-01-12,"","",""
11007423,840003280024367,7423,11,0,"1/5/2025","B    ","F     ",93,0,"TOGROWR    ",3,2025-01-08,"","",""
11007428,840003280024372,7428,11,0,"1/7/2025","B    ","F     ",115,0,"TOGROWR    ",1,2025-01-08,"","",""
11007429,840003280024373,7429,11,0,"1/7/2025","B    ","F     ",82,0,"TOGROWR    ",1,2025-01-08,"","",""
11007430,840003280024374,7430,11,0,"1/7/2025","B    ","F     ",65,0,"TOGROWR    ",1,2025-01-08,"","",""
11007431,840003280024375,7431,11,0,"1/7/2025","B    ","F     ",69,0,"TOGROWR    ",1,2025-01-08,"","",""
11007432,840003280024376,7432,11,0,"1/8/2025","B    ","F     ",84,0,"TOGROWR    ",1,2025-01-09,"","",""
11007433,840003280024377,7433,11,0,"1/8/2025","B    ","F     ",85,0,"TOGROWR    ",1,2025-01-09,"","",""
11007434,840003280024378,7434,11,0,"1/8/2025","B    ","F     ",90,0,"TOGROWR    ",1,2025-01-09,"","",""
11007435,840003280024379,7435,11,0,"1/8/2025","B    ","F     ",87,0,"TOGROWR    ",1,2025-01-09,"","",""
11007436,840003280024380,7436,11,0,"1/8/2025","B    ","F     ",82,0,"TOGROWR    ",1,2025-01-09,"","",""
11007437,840003280024381,7437,11,0,"1/9/2025","B    ","F     ",73,0,"TOGROWR    ",1,2025-01-10,"","",""
11007438,840003280024382,7438,11,0,"1/9/2025","B    ","F     ",89,0,"TOGROWR    ",1,2025-01-10,"","",""
11007439,840003280024383,7439,11,0,"1/9/2025","B    ","F     ",92,0,"TOGROWR    ",1,2025-01-10,"","",""
11007440,840003280024384,7440,11,0,"1/9/2025","B    ","F     ",104,0,"TOGROWR    ",1,2025-01-10,"","",""
11007441,840003280024385,7441,11,0,"1/9/2025","B    ","F     ",101,0,"TOGROWR    ",1,2025-01-10,"","",""
11007442,840003280024386,7442,11,0,"1/9/2025","B    ","F     ",99,0,"TOGROWR    ",1,2025-01-10,"","",""
11007443,840003280024387,7443,11,0,"1/9/2025","B    ","F     ",104,0,"TOGROWR    ",1,2025-01-10,"","",""
11007444,840003280024388,7444,11,0,"1/9/2025","B    ","F     ",106,0,"TOGROWR    ",1,2025-01-10,"","",""
11007445,840003280024389,7445,11,0,"1/10/2025","B    ","F     ",110,0,"TOGROWR    ",1,2025-01-11,"","",""
11007446,840003280024390,7446,11,0,"1/10/2025","B    ","F     ",92,0,"TOGROWR    ",1,2025-01-11,"","",""
11007447,840003280024391,7447,11,0,"1/10/2025","B    ","F     ",84,0,"TOGROWR    ",1,2025-01-11,"","",""
11007448,840003280024392,7448,11,0,"1/10/2025","B    ","F     ",91,0,"TOGROWR    ",1,2025-01-11,"","",""
11007449,840003280024393,7449,11,0,"1/10/2025","B    ","F     ",105,0,"TOGROWR    ",1,2025-01-11,"","",""
11007450,840003280024394,7450,11,0,"1/10/2025","B    ","F     ",81,0,"TOGROWR    ",1,2025-01-11,"","",""
11007451,840003280024395,7451,11,0,"1/11/2025","B    ","F     ",90,0,"TOGROWR    ",1,2025-01-12,"","",""
11007452,840003280024396,7452,11,0,"1/11/2025","B    ","F     ",87,0,"TOGROWR    ",1,2025-01-12,"","",""
11007453,840003280024397,7453,11,0,"1/11/2025","B    ","F     ",104,0,"TOGROWR    ",1,2025-01-12,"","",""
11007454,840003280024398,7454,11,0,"1/11/2025","B    ","F     ",68,0,"TOGROWR    ",1,2025-01-12,"","",""
11011409,840003298868314,11409,11,0,"1/7/2025","B    ","F     ",99,0,"TOGROWR    ",1,2025-01-08,"","",""
11011410,840003298868315,11410,11,0,"1/7/2025","B    ","F     ",78,0,"TOGROWR    ",1,2025-01-08,"","",""
11011411,840003298868316,11411,11,0,"1/7/2025","B    ","F     ",93,0,"TOGROWR    ",1,2025-01-08,"","",""
11011412,840003298868317,11412,11,0,"1/7/2025","B    ","F     ",97,0,"TOGROWR    ",1,2025-01-08,"","",""
11011413,840003298868318,11413,11,0,"1/7/2025","B    ","F     ",75,0,"TOGROWR    ",1,2025-01-08,"","",""
11011414,840003298868319,11414,11,0,"1/7/2025","B    ","F     ",85,0,"TOGROWR    ",1,2025-01-08,"","",""
11011415,840003298868320,11415,11,0,"1/8/2025","B    ","F     ",64,0,"TOGROWR    ",1,2025-01-09,"","",""
11011416,840003298868321,11416,11,0,"1/8/2025","B    ","F     ",91,0,"TOGROWR    ",1,2025-01-09,"","",""
11011417,840003298868322,11417,11,0,"1/8/2025","B    ","F     ",71,0,"TOGROWR    ",1,2025-01-09,"","",""
11011418,840003298868323,11418,11,0,"1/8/2025","B    ","F     ",102,0,"TOGROWR    ",1,2025-01-09,"","",""
11011419,840003298868324,11419,11,0,"1/8/2025","B    ","F     ",95,0,"TOGROWR    ",1,2025-01-09,"","",""
11011420,840003298868325,11420,11,0,"1/8/2025","B    ","F     ",81,0,"TOGROWR    ",1,2025-01-09,"","",""
11011421,840003298868326,11421,11,0,"1/9/2025","B    ","F     ",78,0,"TOGROWR    ",1,2025-01-10,"","",""
11011422,840003298868327,11422,11,0,"1/9/2025","B    ","F     ",100,0,"TOGROWR    ",1,2025-01-10,"","",""
11011423,840003298868328,11423,11,0,"1/9/2025","B    ","F     ",98,0,"TOGROWR    ",1,2025-01-10,"","",""
11011424,840003298868329,11424,11,0,"1/9/2025","B    ","F     ",78,0,"TOGROWR    ",1,2025-01-10,"","",""
11011425,840003298868330,11425,11,0,"1/9/2025","B    ","F     ",85,0,"TOGROWR    ",1,2025-01-10,"","",""
11011426,840003298868331,11426,11,0,"1/9/2025","B    ","F     ",106,0,"TOGROWR    ",1,2025-01-10,"","",""
11011427,840003298868332,11427,11,0,"1/9/2025","B    ","F     ",80,0,"TOGROWR    ",1,2025-01-10,"","",""
11011428,840003298868333,11428,11,0,"1/9/2025","B    ","F     ",75,0,"TOGROWR    ",1,2025-01-10,"","",""
11011429,840003298868334,11429,11,0,"1/9/2025","B    ","F     ",70,0,"TOGROWR    ",1,2025-01-10,"","",""
11011430,840003298868335,11430,11,0,"1/10/2025","B    ","F     ",72,0,"TOGROWR    ",1,2025-01-11,"","",""
11011431,840003298868336,11431,11,0,"1/10/2025","B    ","F     ",95,0,"TOGROWR    ",1,2025-01-11,"","",""
11011432,840003298868337,11432,11,0,"1/10/2025","B    ","F     ",91,0,"TOGROWR    ",1,2025-01-11,"","",""
11011433,840003298868338,11433,11,0,"1/10/2025","B    ","F     ",97,0,"TOGROWR    ",1,2025-01-11,"","",""
11011435,840003298868340,11435,11,0,"1/10/2025","B    ","F     ",87,0,"TOGROWR    ",1,2025-01-11,"","",""
11011436,840003298868341,11436,11,0,"1/10/2025","B    ","F     ",104,0,"TOGROWR    ",1,2025-01-11,"","",""
11011437,840003298868342,11437,11,0,"1/10/2025","B    ","F     ",80,0,"TOGROWR    ",1,2025-01-11,"","",""
11011438,840003298868343,11438,11,0,"1/10/2025","B    ","F     ",95,0,"TOGROWR    ",1,2025-01-11,"","",""
11011439,840003298868344,11439,11,0,"1/10/2025","B    ","F     ",95,0,"TOGROWR    ",1,2025-01-11,"","",""
11011440,840003298868345,11440,11,0,"1/10/2025","B    ","F     ",109,0,"TOGROWR    ",1,2025-01-11,"","",""
11011441,840003298868346,11441,11,0,"1/10/2025","B    ","F     ",97,0,"TOGROWR    ",1,2025-01-11,"","",""
11011442,840003298868347,11442,11,0,"1/10/2025","B    ","F     ",84,0,"TOGROWR    ",1,2025-01-11,"","",""
11011444,840003298868349,11444,11,0,"1/11/2025","B    ","F     ",92,0,"TOGROWR    ",1,2025-01-12,"","",""
11011445,840003298868350,11445,11,0,"1/11/2025","B    ","F     ",95,0,"TOGROWR    ",1,2025-01-12,"","",""
11011446,840003298868351,11446,11,0,"1/11/2025","B    ","F     ",52,0,"TOGROWR    ",1,2025-01-12,"","",""
11011447,840003298868352,11447,11,0,"1/11/2025","B    ","F     ",86,0,"TOGROWR    ",1,2025-01-12,"","",""
11011448,840003298868353,11448,11,0,"1/11/2025","B    ","F     ",106,0,"TOGROWR    ",1,2025-01-12,"","",""
11011449,840003298868354,11449,11,0,"1/11/2025","B    ","F     ",104,0,"TOGROWR    ",1,2025-01-12,"","",""
11011450,840003298868355,11450,11,0,"1/11/2025","B    ","F     ",82,0,"TOGROWR    ",1,2025-01-12,"","",""
11011451,840003298868356,11451,11,0,"1/11/2025","B    ","F     ",77,0,"TOGROWR    ",1,2025-01-12,"","",""
15000302,840003290176931,302,15,0,"1/7/2025","H    ","F     ",87,0,"TOGROWR    ",1,2025-01-08,"","",""
15008011,840003290176937,8011,15,0,"1/7/2025","H    ","F     ",90,0,"TOGROWR    ",1,2025-01-08,"","",""
15008012,840003290176996,8012,15,0,"1/7/2025","H    ","F     ",96,0,"TOGROWR    ",1,2025-01-08,"","",""
15008013,840003290176983,8013,15,0,"1/8/2025","H    ","F     ",80,0,"TOGROWR    ",1,2025-01-09,"","",""
15008014,840003290176988,8014,15,0,"1/8/2025","H    ","F     ",90,0,"TOGROWR    ",1,2025-01-09,"","",""
15008015,840003290176997,8015,15,0,"1/8/2025","H    ","F     ",79,0,"TOGROWR    ",1,2025-01-09,"","",""
15008016,840003290176965,8016,15,0,"1/9/2025","H    ","F     ",89,0,"TOGROWR    ",1,2025-01-10,"","",""
15008017,840003290176967,8017,15,0,"1/9/2025","H    ","F     ",89,0,"TOGROWR    ",1,2025-01-10,"","",""
15008018,840003290176992,8018,15,0,"1/9/2025","H    ","F     ",74,0,"TOGROWR    ",1,2025-01-10,"","",""
15008019,840003290176949,8019,15,0,"1/9/2025","H    ","F     ",93,0,"TOGROWR    ",1,2025-01-10,"","",""
15008020,840003290176922,8020,15,0,"1/10/2025","H    ","F     ",95,0,"TOGROWR    ",1,2025-01-11,"","",""
15008021,840003290176980,8021,15,0,"1/10/2025","H    ","F     ",92,0,"TOGROWR    ",1,2025-01-11,"","",""
15008022,840003290176985,8022,15,0,"1/11/2025","H    ","F     ",80,0,"TOGROWR    ",1,2025-01-12,"","",""
15008023,840003290176999,8023,15,0,"1/11/2025","H    ","F     ",101,0,"TOGROWR    ",1,2025-01-12,"","",""
86011434,840003298868339,11434,86,0,"1/10/2025","B    ","F     ",86,0,"TOGROWR    ",1,2025-01-11,"","",""
