ID,EID,SF,LACT,Event,AGE,Date,Remark,Protocols,Technician
1030133,840003287383909,1,0,MEASURE    ,131,1/2/2025,147,                , 
1030160,840003287384074,1,0,MEASURE    ,134,1/7/2025,170,                , 
1030267,840003287383950,1,0,MEASURE    ,123,1/4/2025,167,                , 
1030273,840003287383942,1,0,MEASURE    ,122,1/4/2025,230,                , 
1030333,840003287384289,1,0,MEASURE    ,120,1/7/2025,202,                , 
1030394,840003287383994,1,0,MEASURE    ,116,1/7/2025,189,                , 
1030409,840003297405489,1,0,MEASURE    ,119,1/11/2025,162,                , 
1030424,840003287384806,1,0,MEASURE    ,111,1/4/2025,155,                , 
1030430,840003287384796,1,0,MEASURE    ,109,1/2/2025,228,                , 
1030450,840003287384659,1,0,MEASURE    ,111,1/7/2025,208,                , 
1030452,840003287384656,1,0,MEASURE    ,109,1/5/2025,183,                , 
1030458,840003287384532,1,0,MEASURE    ,108,1/4/2025,159,                , 
1030459,840003287384531,1,0,MEASURE    ,107,1/4/2025,173,                , 
1030462,840003287384536,1,0,MEASURE    ,106,1/2/2025,157,                , 
1030466,840003287384535,1,0,MEASURE    ,108,1/5/2025,210,                , 
1030467,840003287384541,1,0,MEASURE    ,107,1/4/2025,144,                , 
1030469,840003287384540,1,0,MEASURE    ,115,1/12/2025,232,                , 
1030475,840003287384707,1,0,MEASURE    ,105,1/2/2025,159,                , 
1030487,840003287384706,1,0,MEASURE    ,104,1/2/2025,144,                , 
1030490,840003287384700,1,0,MEASURE    ,108,1/7/2025,196,                , 
1030500,840003287384734,1,0,MEASURE    ,105,1/4/2025,170,                , 
1030503,840003287384745,1,0,MEASURE    ,105,1/5/2025,159,                , 
1030504,840003287384741,1,0,MEASURE    ,102,1/2/2025,204,                , 
1030505,840003287384748,1,0,MEASURE    ,104,1/4/2025,163,                , 
1030507,840003287384732,1,0,MEASURE    ,104,1/4/2025,140,                , 
1030512,840003287384743,1,0,MEASURE    ,105,1/5/2025,139,                , 
1030517,840003287384754,1,0,MEASURE    ,104,1/5/2025,182,                , 
1030518,840003287384752,1,0,MEASURE    ,103,1/4/2025,166,                , 
1030522,840003287384761,1,0,MEASURE    ,104,1/5/2025,165,                , 
1030526,840003287384755,1,0,MEASURE    ,104,1/5/2025,180,                , 
1030591,840003287384688,1,0,MEASURE    ,94,1/2/2025,202,                , 
1030592,840003287384689,1,0,MEASURE    ,94,1/2/2025,208,                , 
1030593,840003287384685,1,0,MEASURE    ,94,1/2/2025,180,                , 
1030594,840003287384678,1,0,MEASURE    ,94,1/2/2025,218,                , 
1030595,840003287384682,1,0,MEASURE    ,94,1/2/2025,200,                , 
1030596,840003287384686,1,0,MEASURE    ,94,1/2/2025,214,                , 
1030598,840003287384117,1,0,MEASURE    ,96,1/4/2025,129,                , 
1030599,840003287384114,1,0,MEASURE    ,103,1/11/2025,189,                , 
1030600,840003287384111,1,0,MEASURE    ,94,1/2/2025,194,                , 
1030601,840003287384690,1,0,MEASURE    ,94,1/2/2025,188,                , 
1030602,840003287384113,1,0,MEASURE    ,93,1/2/2025,205,                , 
1030603,840003287384112,1,0,MEASURE    ,100,1/9/2025,227,                , 
1030605,840003287384116,1,0,MEASURE    ,93,1/2/2025,218,                , 
1030607,840003287384122,1,0,MEASURE    ,93,1/2/2025,167,                , 
1030609,840003287384121,1,0,MEASURE    ,93,1/2/2025,199,                , 
1030610,840003287384123,1,0,MEASURE    ,93,1/2/2025,182,                , 
1030611,840003287384126,1,0,MEASURE    ,93,1/2/2025,213,                , 
1030615,840003287384128,1,0,MEASURE    ,93,1/2/2025,155,                , 
1030616,840003287384124,1,0,MEASURE    ,93,1/2/2025,168,                , 
1030617,840003287384127,1,0,MEASURE    ,94,1/4/2025,194,                , 
1030619,840003287384093,1,0,MEASURE    ,94,1/4/2025,155,                , 
1030620,840003287384094,1,0,MEASURE    ,94,1/4/2025,204,                , 
1030621,840003287384107,1,0,MEASURE    ,94,1/4/2025,199,                , 
1030622,840003287384103,1,0,MEASURE    ,94,1/4/2025,184,                , 
1030624,840003287384095,1,0,MEASURE    ,94,1/4/2025,216,                , 
1030626,840003287384102,1,0,MEASURE    ,93,1/4/2025,212,                , 
1030627,840003287384096,1,0,MEASURE    ,93,1/4/2025,208,                , 
1030629,840003287384101,1,0,MEASURE    ,93,1/4/2025,198,                , 
1030630,840003287384100,1,0,MEASURE    ,93,1/4/2025,187,                , 
1030631,840003287384104,1,0,MEASURE    ,93,1/4/2025,178,                , 
1030632,840003287384105,1,0,MEASURE    ,93,1/4/2025,176,                , 
1030633,840003287384106,1,0,MEASURE    ,93,1/4/2025,197,                , 
1030635,840003287384110,1,0,MEASURE    ,93,1/4/2025,163,                , 
1030639,840003287384069,1,0,MEASURE    ,92,1/4/2025,216,                , 
1030640,840003287384066,1,0,MEASURE    ,92,1/4/2025,207,                , 
1030641,840003287384065,1,0,MEASURE    ,92,1/4/2025,168,                , 
1030642,840003287384068,1,0,MEASURE    ,93,1/5/2025,224,                , 
1030643,840003287384067,1,0,MEASURE    ,93,1/5/2025,226,                , 
1030644,840003287384063,1,0,MEASURE    ,92,1/5/2025,169,                , 
1030645,840003287384064,1,0,MEASURE    ,92,1/5/2025,215,                , 
1030649,840003287384058,1,0,MEASURE    ,94,1/7/2025,207,                , 
1030650,840003287384057,1,0,MEASURE    ,92,1/5/2025,220,                , 
1030651,840003287384059,1,0,MEASURE    ,92,1/5/2025,163,                , 
1030652,840003287384056,1,0,MEASURE    ,92,1/5/2025,235,                , 
1030653,840003287384053,1,0,MEASURE    ,92,1/5/2025,244,                , 
1030654,840003287384054,1,0,MEASURE    ,92,1/5/2025,168,                , 
1030656,840003287384055,1,0,MEASURE    ,92,1/5/2025,235,                , 
1030656,840003287384055,1,0,MEASURE    ,92,1/5/2025,216,                , 
1030657,840003287384051,1,0,MEASURE    ,92,1/5/2025,169,                , 
1030659,840003287384717,1,0,MEASURE    ,98,1/11/2025,147,                , 
1030660,840003287384714,1,0,MEASURE    ,92,1/5/2025,167,                , 
1030662,840003287384713,1,0,MEASURE    ,91,1/5/2025,194,                , 
1030665,840003287384718,1,0,MEASURE    ,91,1/5/2025,209,                , 
1030666,840003287384719,1,0,MEASURE    ,91,1/5/2025,196,                , 
1030667,840003287384716,1,0,MEASURE    ,91,1/5/2025,219,                , 
1030668,840003287384723,1,0,MEASURE    ,91,1/5/2025,180,                , 
1030669,840003287384722,1,0,MEASURE    ,91,1/5/2025,188,                , 
1030672,840003287384724,1,0,MEASURE    ,92,1/7/2025,235,                , 
1030674,840003287384726,1,0,MEASURE    ,92,1/7/2025,213,                , 
1030675,840003287384725,1,0,MEASURE    ,92,1/7/2025,205,                , 
1030676,840003287384729,1,0,MEASURE    ,91,1/7/2025,194,                , 
1030678,840003287384477,1,0,MEASURE    ,91,1/7/2025,180,                , 
1030679,840003287384474,1,0,MEASURE    ,91,1/7/2025,179,                , 
1030680,840003287384473,1,0,MEASURE    ,91,1/7/2025,210,                , 
1030681,840003287384483,1,0,MEASURE    ,92,1/9/2025,180,                , 
1030682,840003287384482,1,0,MEASURE    ,91,1/7/2025,169,                , 
1030683,840003287384486,1,0,MEASURE    ,91,1/7/2025,202,                , 
1030689,840003287384484,1,0,MEASURE    ,92,1/9/2025,182,                , 
1030690,840003287384480,1,0,MEASURE    ,92,1/9/2025,153,                , 
1030691,840003287384479,1,0,MEASURE    ,92,1/9/2025,182,                , 
1030692,840003287384476,1,0,MEASURE    ,92,1/9/2025,149,                , 
1030693,840003287384475,1,0,MEASURE    ,92,1/9/2025,203,                , 
1030694,840003287384471,1,0,MEASURE    ,92,1/9/2025,170,                , 
1030695,840003287384472,1,0,MEASURE    ,92,1/9/2025,138,                , 
1030697,840003287384214,1,0,MEASURE    ,92,1/9/2025,164,                , 
1030698,840003287384212,1,0,MEASURE    ,91,1/9/2025,153,                , 
1030699,840003287384211,1,0,MEASURE    ,91,1/9/2025,150,                , 
1030700,840003287384215,1,0,MEASURE    ,91,1/9/2025,248,                , 
1030702,840003287384223,1,0,MEASURE    ,91,1/9/2025,157,                , 
1030703,840003287384228,1,0,MEASURE    ,91,1/9/2025,175,                , 
1030705,840003287384218,1,0,MEASURE    ,91,1/9/2025,213,                , 
1030708,840003287384226,1,0,MEASURE    ,92,1/11/2025,155,                , 
1030709,840003287384222,1,0,MEASURE    ,92,1/11/2025,183,                , 
1030710,840003287384224,1,0,MEASURE    ,92,1/11/2025,157,                , 
1030711,840003287384225,1,0,MEASURE    ,92,1/11/2025,164,                , 
1030712,840003287384217,1,0,MEASURE    ,92,1/11/2025,140,                , 
1030713,840003287384216,1,0,MEASURE    ,92,1/11/2025,180,                , 
1030714,840003287384220,1,0,MEASURE    ,92,1/11/2025,245,                , 
1030715,840003287384607,1,0,MEASURE    ,92,1/11/2025,150,                , 
1030716,840003287384599,1,0,MEASURE    ,92,1/11/2025,150,                , 
1030717,840003287384591,1,0,MEASURE    ,92,1/11/2025,177,                , 
1030718,840003287384595,1,0,MEASURE    ,92,1/11/2025,164,                , 
1030720,840003287384596,1,0,MEASURE    ,91,1/11/2025,168,                , 
1030721,840003287384600,1,0,MEASURE    ,91,1/11/2025,174,                , 
1030722,840003287384608,1,0,MEASURE    ,91,1/11/2025,150,                , 
1030725,840003287384609,1,0,MEASURE    ,91,1/11/2025,197,                , 
1030726,840003287384610,1,0,MEASURE    ,91,1/11/2025,190,                , 
1030731,840003287384605,1,0,MEASURE    ,91,1/12/2025,170,                , 
1030732,840003287384601,1,0,MEASURE    ,91,1/12/2025,163,                , 
1030733,840003287384167,1,0,MEASURE    ,91,1/12/2025,230,                , 
1030734,840003287384154,1,0,MEASURE    ,91,1/12/2025,185,                , 
1030735,840003287384151,1,0,MEASURE    ,90,1/12/2025,183,                , 
1030736,840003287384153,1,0,MEASURE    ,90,1/12/2025,146,                , 
1030738,840003287384163,1,0,MEASURE    ,90,1/12/2025,178,                , 
1030739,840003287384159,1,0,MEASURE    ,90,1/12/2025,182,                , 
1030740,840003287384155,1,0,MEASURE    ,90,1/12/2025,203,                , 
2002169,840003297405692,2,0,MEASURE    ,124,1/11/2025,184,                , 
2002173,840003297404995,2,0,MEASURE    ,118,1/5/2025,278,                , 
2002224,840003297405728,2,0,MEASURE    ,110,1/4/2025,258,                , 
2002245,840003297405739,2,0,MEASURE    ,115,1/11/2025,245,                , 
2002252,840003297405689,2,0,MEASURE    ,113,1/11/2025,158,                , 
2002272,840003297405255,2,0,MEASURE    ,108,1/7/2025,227,                , 
2002281,840003297405667,2,0,MEASURE    ,105,1/5/2025,249,                , 
2002332,840003297405181,2,0,MEASURE    ,94,1/2/2025,215,                , 
2002333,840003297405089,2,0,MEASURE    ,96,1/4/2025,202,                , 
2002334,840003297405086,2,0,MEASURE    ,94,1/2/2025,218,                , 
2002335,840003297405137,2,0,MEASURE    ,94,1/2/2025,200,                , 
2002336,840003297405150,2,0,MEASURE    ,94,1/2/2025,222,                , 
2002337,840003297405113,2,0,MEASURE    ,94,1/2/2025,220,                , 
2002338,840003297405119,2,0,MEASURE    ,94,1/2/2025,197,                , 
2002339,840003297405071,2,0,MEASURE    ,94,1/2/2025,203,                , 
2002340,840003297405064,2,0,MEASURE    ,94,1/2/2025,241,                , 
2002341,840003297405076,2,0,MEASURE    ,94,1/2/2025,226,                , 
2002342,840003297405067,2,0,MEASURE    ,94,1/2/2025,249,                , 
2002344,840003297405062,2,0,MEASURE    ,93,1/2/2025,172,                , 
2002345,840003297405133,2,0,MEASURE    ,93,1/2/2025,253,                , 
2002346,840003297405132,2,0,MEASURE    ,93,1/2/2025,216,                , 
2002347,840003297405065,2,0,MEASURE    ,93,1/2/2025,221,                , 
2002348,840003297405072,2,0,MEASURE    ,93,1/2/2025,190,                , 
2002349,840003297405079,2,0,MEASURE    ,93,1/2/2025,239,                , 
2002350,840003297405063,2,0,MEASURE    ,93,1/2/2025,183,                , 
2002351,840003297405073,2,0,MEASURE    ,93,1/2/2025,212,                , 
2002352,840003297405096,2,0,MEASURE    ,93,1/2/2025,213,                , 
2002355,840003297405070,2,0,MEASURE    ,94,1/4/2025,213,                , 
2002356,840003297405617,2,0,MEASURE    ,94,1/4/2025,216,                , 
2002357,840003297405131,2,0,MEASURE    ,94,1/4/2025,186,                , 
2002358,840003297405124,2,0,MEASURE    ,94,1/4/2025,271,                , 
2002359,840003297405585,2,0,MEASURE    ,94,1/4/2025,210,                , 
2002360,840003297405573,2,0,MEASURE    ,90,1/5/2025,197,                , 
2002361,840003297405596,2,0,MEASURE    ,90,1/5/2025,218,                , 
2002362,840003297405575,2,0,MEASURE    ,92,1/7/2025,214,                , 
2002363,840003297405609,2,0,MEASURE    ,91,1/7/2025,224,                , 
2002364,840003297405650,2,0,MEASURE    ,91,1/7/2025,224,                , 
2002366,840003297405614,2,0,MEASURE    ,91,1/7/2025,198,                , 
2002367,840003297405588,2,0,MEASURE    ,91,1/7/2025,156,                , 
2002369,840003297405628,2,0,MEASURE    ,91,1/7/2025,258,                , 
2002370,840003297405638,2,0,MEASURE    ,92,1/9/2025,235,                , 
2002371,840003297405482,2,0,MEASURE    ,92,1/9/2025,210,                , 
2002372,840003297405523,2,0,MEASURE    ,92,1/9/2025,164,                , 
2002373,840003297405580,2,0,MEASURE    ,92,1/9/2025,189,                , 
2002375,840003297405566,2,0,MEASURE    ,92,1/9/2025,202,                , 
2002377,840003297405487,2,0,MEASURE    ,92,1/9/2025,235,                , 
2002379,840003297405551,2,0,MEASURE    ,92,1/9/2025,213,                , 
2002380,840003297405541,2,0,MEASURE    ,92,1/9/2025,268,                , 
2002381,840003297405526,2,0,MEASURE    ,92,1/9/2025,240,                , 
2002382,840003297405608,2,0,MEASURE    ,91,1/9/2025,210,                , 
2002393,840003297405478,2,0,MEASURE    ,91,1/9/2025,218,                , 
2002394,840003297405587,2,0,MEASURE    ,91,1/9/2025,219,                , 
2002395,840003297405462,2,0,MEASURE    ,91,1/9/2025,195,                , 
2002396,840003297405548,2,0,MEASURE    ,91,1/11/2025,164,                , 
2002397,840003297405558,2,0,MEASURE    ,91,1/11/2025,176,                , 
2002399,840003297405508,2,0,MEASURE    ,91,1/11/2025,182,                , 
2002400,840003297405560,2,0,MEASURE    ,91,1/11/2025,222,                , 
2002401,840003297405529,2,0,MEASURE    ,91,1/11/2025,228,                , 
2002402,840003297405525,2,0,MEASURE    ,91,1/11/2025,168,                , 
2002403,840003297405467,2,0,MEASURE    ,91,1/11/2025,194,                , 
2002404,840003297405496,2,0,MEASURE    ,91,1/11/2025,191,                , 
2002405,840003297405506,2,0,MEASURE    ,92,1/12/2025,228,                , 
2002406,840003297405550,2,0,MEASURE    ,91,1/12/2025,233,                , 
2002407,840003297405618,2,0,MEASURE    ,91,1/12/2025,228,                , 
2002408,840003297405464,2,0,MEASURE    ,91,1/12/2025,200,                , 
2002409,840003297405491,2,0,MEASURE    ,91,1/12/2025,202,                , 
2002410,840003297405516,2,0,MEASURE    ,91,1/12/2025,192,                , 
2002411,840003297405532,2,0,MEASURE    ,90,1/12/2025,207,                , 
2002412,840003297405553,2,0,MEASURE    ,90,1/12/2025,190,                , 
2002413,840003297405539,2,0,MEASURE    ,90,1/12/2025,181,                , 
2002416,840003297405534,2,0,MEASURE    ,90,1/9/2025,192,                , 
2002417,840003297405554,2,0,MEASURE    ,90,1/9/2025,215,                , 
2002418,840003297405545,2,0,MEASURE    ,90,1/9/2025,226,                , 
3011104,840003297405717,3,0,MEASURE    ,114,1/11/2025,238,                , 
3011121,840003297405134,3,0,MEASURE    ,103,1/2/2025,190,                , 
3011129,840003297405167,3,0,MEASURE    ,103,1/4/2025,198,                , 
3011159,840003297405110,3,0,MEASURE    ,93,1/2/2025,246,                , 
3011170,840003297405115,3,0,MEASURE    ,96,1/4/2025,181,                , 
3011171,840003297405061,3,0,MEASURE    ,94,1/2/2025,234,                , 
3011172,840003297405093,3,0,MEASURE    ,101,1/9/2025,180,                , 
3011173,840003297405074,3,0,MEASURE    ,94,1/2/2025,237,                , 
3011174,840003297405097,3,0,MEASURE    ,94,1/2/2025,193,                , 
3011176,840003297405094,3,0,MEASURE    ,93,1/2/2025,265,                , 
3011176,840003297405094,3,0,MEASURE    ,93,1/2/2025,216,                , 
3011177,840003297405077,3,0,MEASURE    ,93,1/2/2025,204,                , 
3011178,840003297405069,3,0,MEASURE    ,93,1/2/2025,230,                , 
3011179,840003297405653,3,0,MEASURE    ,94,1/4/2025,224,                , 
3011180,840003297405607,3,0,MEASURE    ,95,1/5/2025,220,                , 
3011181,840003297405651,3,0,MEASURE    ,94,1/4/2025,197,                , 
3011181,840003297405651,3,0,MEASURE    ,95,1/5/2025,220,                , 
3011186,840003297405647,3,0,MEASURE    ,93,1/4/2025,160,                , 
3011187,840003297405623,3,0,MEASURE    ,93,1/4/2025,251,                , 
3011188,840003297405598,3,0,MEASURE    ,92,1/4/2025,201,                , 
3011190,840003297405564,3,0,MEASURE    ,92,1/4/2025,219,                , 
3011191,840003297405590,3,0,MEASURE    ,92,1/5/2025,235,                , 
3011194,840003297405625,3,0,MEASURE    ,92,1/4/2025,202,                , 
3011195,840003297405657,3,0,MEASURE    ,92,1/5/2025,163,                , 
3011196,840003297405634,3,0,MEASURE    ,92,1/5/2025,209,                , 
3011197,840003297405613,3,0,MEASURE    ,92,1/5/2025,243,                , 
3011198,840003297405601,3,0,MEASURE    ,92,1/5/2025,218,                , 
3011200,840003297405581,3,0,MEASURE    ,92,1/5/2025,228,                , 
3011201,840003297405658,3,0,MEASURE    ,92,1/5/2025,218,                , 
3011204,840003297405586,3,0,MEASURE    ,91,1/5/2025,166,                , 
3011205,840003297405569,3,0,MEASURE    ,91,1/5/2025,235,                , 
3011206,840003297405578,3,0,MEASURE    ,91,1/5/2025,219,                , 
3011207,840003297405659,3,0,MEASURE    ,91,1/5/2025,223,                , 
3011208,840003297405589,3,0,MEASURE    ,91,1/5/2025,224,                , 
3011209,840003297405635,3,0,MEASURE    ,90,1/5/2025,200,                , 
3011210,840003297405641,3,0,MEASURE    ,90,1/5/2025,262,                , 
3011211,840003297405584,3,0,MEASURE    ,90,1/5/2025,256,                , 
3011212,840003297405616,3,0,MEASURE    ,89,1/4/2025,295,                , 
3011213,840003297405615,3,0,MEASURE    ,91,1/7/2025,186,                , 
3011214,840003297405565,3,0,MEASURE    ,91,1/7/2025,271,                , 
3011215,840003297405563,3,0,MEASURE    ,91,1/7/2025,200,                , 
3011217,840003297405604,3,0,MEASURE    ,91,1/7/2025,219,                , 
3011218,840003297405570,3,0,MEASURE    ,91,1/7/2025,207,                , 
3011219,840003297405476,3,0,MEASURE    ,91,1/11/2025,221,                , 
3011220,840003297405552,3,0,MEASURE    ,92,1/9/2025,199,                , 
3011222,840003297405512,3,0,MEASURE    ,92,1/9/2025,217,                , 
3011223,840003297405555,3,0,MEASURE    ,91,1/9/2025,260,                , 
3011224,840003297405498,3,0,MEASURE    ,91,1/9/2025,263,                , 
3011225,840003297405521,3,0,MEASURE    ,91,1/9/2025,235,                , 
3011226,840003297405582,3,0,MEASURE    ,91,1/9/2025,192,                , 
3011227,840003297405495,3,0,MEASURE    ,92,1/11/2025,182,                , 
3011228,840003297405594,3,0,MEASURE    ,92,1/11/2025,211,                , 
3011229,840003297405474,3,0,MEASURE    ,92,1/11/2025,180,                , 
3011230,840003297405605,3,0,MEASURE    ,92,1/11/2025,210,                , 
3011231,840003297405473,3,0,MEASURE    ,92,1/11/2025,213,                , 
3011232,840003297405557,3,0,MEASURE    ,91,1/11/2025,218,                , 
3011233,840003297405544,3,0,MEASURE    ,91,1/11/2025,190,                , 
3011234,840003297405480,3,0,MEASURE    ,91,1/11/2025,198,                , 
3011235,840003297405536,3,0,MEASURE    ,91,1/11/2025,207,                , 
3011236,840003297405531,3,0,MEASURE    ,91,1/11/2025,190,                , 
3011237,840003297405486,3,0,MEASURE    ,91,1/11/2025,164,                , 
3011239,840003297405542,3,0,MEASURE    ,91,1/11/2025,242,                , 
3011240,840003297405591,3,0,MEASURE    ,91,1/11/2025,181,                , 
3011241,840003297405463,3,0,MEASURE    ,91,1/12/2025,185,                , 
3011242,840003297405461,3,0,MEASURE    ,91,1/12/2025,236,                , 
3011244,840003297405538,3,0,MEASURE    ,91,1/12/2025,227,                , 
3011245,840003297405494,3,0,MEASURE    ,91,1/12/2025,201,                , 
3011246,840003297405505,3,0,MEASURE    ,91,1/12/2025,175,                , 
3011247,840003297405630,3,0,MEASURE    ,91,1/12/2025,155,                , 
3011251,840003297405471,3,0,MEASURE    ,89,1/12/2025,205,                , 
4005433,840003292173009,4,0,MEASURE    ,123,1/11/2025,214,                , 
4005488,840003292173030,4,0,MEASURE    ,109,1/4/2025,165,                , 
4005526,840003292173057,4,0,MEASURE    ,104,1/5/2025,166,                , 
4005537,840003292173061,4,0,MEASURE    ,106,1/7/2025,224,                , 
4005550,840003292173069,4,0,MEASURE    ,105,1/7/2025,199,                , 
4005553,840003292173071,4,0,MEASURE    ,105,1/7/2025,210,                , 
4005585,840003292173090,4,0,MEASURE    ,107,1/12/2025,170,                , 
4005635,840003292173117,4,0,MEASURE    ,93,1/2/2025,215,                , 
4005637,840003292173119,4,0,MEASURE    ,93,1/2/2025,200,                , 
4005638,840003292173120,4,0,MEASURE    ,93,1/2/2025,202,                , 
4005639,840003292173121,4,0,MEASURE    ,93,1/2/2025,208,                , 
4005641,840003292173122,4,0,MEASURE    ,93,1/2/2025,212,                , 
4005643,840003292173123,4,0,MEASURE    ,93,1/2/2025,216,                , 
4005644,840003292173124,4,0,MEASURE    ,92,1/2/2025,162,                , 
4005645,840003292173125,4,0,MEASURE    ,92,1/2/2025,194,                , 
4005651,840003292173126,4,0,MEASURE    ,94,1/4/2025,202,                , 
4005653,840003292173127,4,0,MEASURE    ,92,1/2/2025,183,                , 
4005654,840003292173128,4,0,MEASURE    ,92,1/2/2025,189,                , 
4005655,840003292173129,4,0,MEASURE    ,92,1/2/2025,222,                , 
4005656,840003292173130,4,0,MEASURE    ,92,1/2/2025,226,                , 
4005657,840003292173131,4,0,MEASURE    ,92,1/2/2025,213,                , 
4005658,840003292173132,4,0,MEASURE    ,99,1/9/2025,186,                , 
4005660,840003292173133,4,0,MEASURE    ,92,1/2/2025,230,                , 
4005665,840003292173135,4,0,MEASURE    ,93,1/4/2025,226,                , 
4005667,840003292173136,4,0,MEASURE    ,93,1/4/2025,204,                , 
4005668,840003292173137,4,0,MEASURE    ,92,1/4/2025,205,                , 
4005669,840003292173138,4,0,MEASURE    ,92,1/4/2025,223,                , 
4005671,840003292173140,4,0,MEASURE    ,92,1/4/2025,192,                , 
4005672,840003292173141,4,0,MEASURE    ,92,1/4/2025,215,                , 
4005675,840003292173143,4,0,MEASURE    ,92,1/5/2025,226,                , 
4005677,840003292173145,4,0,MEASURE    ,92,1/5/2025,199,                , 
4005679,840003292173146,4,0,MEASURE    ,92,1/5/2025,197,                , 
4005682,840003292173149,4,0,MEASURE    ,90,1/5/2025,206,                , 
4005685,840003292173151,4,0,MEASURE    ,92,1/7/2025,200,                , 
4005688,840003292173153,4,0,MEASURE    ,91,1/7/2025,226,                , 
4005689,840003292173154,4,0,MEASURE    ,91,1/7/2025,207,                , 
4005690,840003292173155,4,0,MEASURE    ,91,1/7/2025,212,                , 
4005691,840003292173156,4,0,MEASURE    ,91,1/7/2025,168,                , 
4005694,840003292173158,4,0,MEASURE    ,92,1/9/2025,224,                , 
4005695,840003292173159,4,0,MEASURE    ,92,1/9/2025,217,                , 
4005697,840003292173160,4,0,MEASURE    ,92,1/9/2025,169,                , 
4005700,840003292173161,4,0,MEASURE    ,92,1/9/2025,154,                , 
4005703,840003292173162,4,0,MEASURE    ,92,1/9/2025,129,                , 
4005704,840003292173163,4,0,MEASURE    ,91,1/9/2025,171,                , 
4005705,840003292173164,4,0,MEASURE    ,91,1/9/2025,178,                , 
4005707,840003292173165,4,0,MEASURE    ,91,1/9/2025,205,                , 
4005708,840003292173166,4,0,MEASURE    ,92,1/11/2025,160,                , 
4005715,840003292173169,4,0,MEASURE    ,92,1/11/2025,193,                , 
4005719,840003292173170,4,0,MEASURE    ,92,1/11/2025,210,                , 
4005722,840003292173171,4,0,MEASURE    ,92,1/11/2025,188,                , 
4005723,840003292173172,4,0,MEASURE    ,92,1/11/2025,222,                , 
4005724,840003292173173,4,0,MEASURE    ,91,1/11/2025,203,                , 
4005725,840003292173174,4,0,MEASURE    ,91,1/11/2025,191,                , 
4005726,840003292173175,4,0,MEASURE    ,91,1/11/2025,201,                , 
4005728,840003292173176,4,0,MEASURE    ,91,1/11/2025,224,                , 
4005732,840003292173177,4,0,MEASURE    ,91,1/11/2025,206,                , 
4005735,840003292173178,4,0,MEASURE    ,91,1/12/2025,195,                , 
4005739,840003292173179,4,0,MEASURE    ,91,1/12/2025,159,                , 
4005740,840003292173180,4,0,MEASURE    ,91,1/12/2025,189,                , 
4005741,840003292173181,4,0,MEASURE    ,90,1/12/2025,161,                , 
4005742,840003292173182,4,0,MEASURE    ,91,1/12/2025,217,                , 
4005743,840003292173183,4,0,MEASURE    ,90,1/12/2025,208,                , 
4005744,840003292173184,4,0,MEASURE    ,90,1/12/2025,203,                , 
4005745,840003292173185,4,0,MEASURE    ,90,1/12/2025,185,                , 
4005746,840003292173186,4,0,MEASURE    ,90,1/12/2025,155,                , 
4005747,840003292173187,4,0,MEASURE    ,90,1/12/2025,224,                , 
4005748,840003292173188,4,0,MEASURE    ,90,1/12/2025,175,                , 
4005750,840003292173190,4,0,MEASURE    ,90,1/12/2025,174,                , 
4005752,840003292173191,4,0,MEASURE    ,90,1/12/2025,175,                , 
4005756,840003292173193,4,0,MEASURE    ,90,1/12/2025,180,                , 
5002744,840003282015530,5,0,MEASURE    ,107,1/4/2025,177,                , 
5002746,840003282015532,5,0,MEASURE    ,106,1/4/2025,176,                , 
5002757,840003282015543,5,0,MEASURE    ,93,1/4/2025,209,                , 
5002759,840003282015545,5,0,MEASURE    ,93,1/4/2025,206,                , 
5002760,840003282015546,5,0,MEASURE    ,92,1/4/2025,152,                , 
5002761,840003282015547,5,0,MEASURE    ,92,1/4/2025,189,                , 
5002762,840003282015548,5,0,MEASURE    ,92,1/4/2025,177,                , 
5002763,840003282015549,5,0,MEASURE    ,92,1/4/2025,235,                , 
5002764,840003282015550,5,0,MEASURE    ,92,1/5/2025,208,                , 
5002765,840003282015551,5,0,MEASURE    ,90,1/5/2025,174,                , 
5002767,840003282015553,5,0,MEASURE    ,91,1/9/2025,157,                , 
5002768,840003282015554,5,0,MEASURE    ,91,1/12/2025,159,                , 
5002769,840003282015555,5,0,MEASURE    ,91,1/12/2025,203,                , 
5002770,840003282015556,5,0,MEASURE    ,91,1/12/2025,191,                , 
6063169,840003263409469,6,0,MEASURE    ,121,1/12/2025,186,                , 
6063194,840003263409494,6,0,MEASURE    ,108,1/2/2025,232,                , 
6063201,840003263409501,6,0,MEASURE    ,109,1/4/2025,262,                , 
6063208,840003263409508,6,0,MEASURE    ,110,1/7/2025,197,                , 
6063214,840003263409514,6,0,MEASURE    ,107,1/5/2025,227,                , 
6063218,840003263409518,6,0,MEASURE    ,108,1/7/2025,205,                , 
6063243,840003263409543,6,0,MEASURE    ,93,1/2/2025,227,                , 
6063244,840003263409544,6,0,MEASURE    ,92,1/2/2025,223,                , 
6063245,840003263409545,6,0,MEASURE    ,92,1/2/2025,224,                , 
6063246,840003263409546,6,0,MEASURE    ,92,1/2/2025,181,                , 
6063247,840003263409547,6,0,MEASURE    ,92,1/2/2025,219,                , 
6063249,840003263409549,6,0,MEASURE    ,92,1/2/2025,212,                , 
6063250,840003263409550,6,0,MEASURE    ,93,1/4/2025,203,                , 
6063251,840003263409551,6,0,MEASURE    ,93,1/4/2025,194,                , 
6063252,840003263409552,6,0,MEASURE    ,92,1/4/2025,198,                , 
6063253,840003263409553,6,0,MEASURE    ,92,1/4/2025,248,                , 
6063255,840003263409555,6,0,MEASURE    ,92,1/5/2025,201,                , 
6063257,840003263409557,6,0,MEASURE    ,91,1/5/2025,188,                , 
6063258,840003263409558,6,0,MEASURE    ,91,1/5/2025,194,                , 
6063262,840003263409562,6,0,MEASURE    ,94,1/9/2025,171,                , 
6063263,840003263409563,6,0,MEASURE    ,92,1/7/2025,188,                , 
6063264,840003263409564,6,0,MEASURE    ,92,1/7/2025,195,                , 
6063265,840003263409565,6,0,MEASURE    ,92,1/7/2025,170,                , 
6063266,840003263409566,6,0,MEASURE    ,92,1/7/2025,187,                , 
6063268,840003263409568,6,0,MEASURE    ,91,1/7/2025,235,                , 
6063269,840003263409569,6,0,MEASURE    ,92,1/9/2025,197,                , 
6063270,840003263409570,6,0,MEASURE    ,91,1/9/2025,209,                , 
6063271,840003263409571,6,0,MEASURE    ,91,1/11/2025,202,                , 
6063278,840003263409578,6,0,MEASURE    ,91,1/11/2025,183,                , 
6063279,840003263409579,6,0,MEASURE    ,91,1/11/2025,203,                , 
6063280,840003263409580,6,0,MEASURE    ,91,1/12/2025,234,                , 
6063281,840003263409581,6,0,MEASURE    ,91,1/12/2025,190,                , 
6063282,840003263409582,6,0,MEASURE    ,91,1/12/2025,175,                , 
6063283,840003263409583,6,0,MEASURE    ,91,1/12/2025,167,                , 
6063284,840003263409584,6,0,MEASURE    ,91,1/12/2025,170,                , 
7008704,840003284999393,7,0,MEASURE    ,108,1/4/2025,250,                , 
7008705,840003284999394,7,0,MEASURE    ,108,1/4/2025,203,                , 
7008708,840003284999397,7,0,MEASURE    ,108,1/5/2025,200,                , 
7008719,840003284999408,7,0,MEASURE    ,94,1/2/2025,190,                , 
7008720,840003284999409,7,0,MEASURE    ,94,1/2/2025,190,                , 
7008721,840003284999410,7,0,MEASURE    ,93,1/2/2025,217,                , 
7008723,840003284999412,7,0,MEASURE    ,94,1/4/2025,189,                , 
7008729,840003284999418,7,0,MEASURE    ,92,1/5/2025,184,                , 
7008732,840003284999421,7,0,MEASURE    ,92,1/9/2025,213,                , 
7008734,840003284999423,7,0,MEASURE    ,91,1/11/2025,184,                , 
7008736,840003284999425,7,0,MEASURE    ,91,1/12/2025,216,                , 
7008737,840003284999426,7,0,MEASURE    ,91,1/12/2025,165,                , 
7008738,840003284999427,7,0,MEASURE    ,90,1/12/2025,196,                , 
7008739,840003284999428,7,0,MEASURE    ,90,1/12/2025,195,                , 
8006154,840003297405593,8,0,MEASURE    ,93,1/4/2025,193,                , 
8006155,840003297405620,8,0,MEASURE    ,93,1/4/2025,218,                , 
8006156,840003297405652,8,0,MEASURE    ,92,1/4/2025,179,                , 
8006158,840003297405654,8,0,MEASURE    ,91,1/5/2025,197,                , 
8006160,840003297405649,8,0,MEASURE    ,92,1/7/2025,184,                , 
8006161,840003297405602,8,0,MEASURE    ,92,1/7/2025,155,                , 
8006164,840003297405497,8,0,MEASURE    ,92,1/9/2025,206,                , 
8006165,840003297405485,8,0,MEASURE    ,92,1/11/2025,147,                , 
8006168,840003297405481,8,0,MEASURE    ,91,1/11/2025,198,                , 
8006169,840003297405528,8,0,MEASURE    ,91,1/12/2025,196,                , 
9033091,840003287111407,9,0,MEASURE    ,115,1/4/2025,229,                , 
9033105,840003287111421,9,0,MEASURE    ,119,1/11/2025,189,                , 
9033132,840003287111448,9,0,MEASURE    ,110,1/5/2025,252,                , 
9033136,840003287111452,9,0,MEASURE    ,108,1/4/2025,202,                , 
9033146,840003287111462,9,0,MEASURE    ,108,1/7/2025,175,                , 
9033156,840003291032643,9,0,MEASURE    ,107,1/7/2025,177,                , 
9033202,840003291032689,9,0,MEASURE    ,93,1/2/2025,241,                , 
9033203,840003291032690,9,0,MEASURE    ,93,1/2/2025,196,                , 
9033204,840003291032691,9,0,MEASURE    ,93,1/2/2025,236,                , 
9033205,840003291032692,9,0,MEASURE    ,92,1/2/2025,217,                , 
9033206,840003291032693,9,0,MEASURE    ,92,1/2/2025,216,                , 
9033207,840003291032694,9,0,MEASURE    ,92,1/2/2025,206,                , 
9033209,840003291032696,9,0,MEASURE    ,92,1/2/2025,227,                , 
9033210,840003291032697,9,0,MEASURE    ,93,1/4/2025,237,                , 
9033211,840003291032698,9,0,MEASURE    ,93,1/4/2025,210,                , 
9033214,840003291032701,9,0,MEASURE    ,92,1/4/2025,207,                , 
9033215,840003291032702,9,0,MEASURE    ,92,1/4/2025,217,                , 
9033216,840003291032703,9,0,MEASURE    ,92,1/4/2025,170,                , 
9033220,840003291032707,9,0,MEASURE    ,92,1/4/2025,167,                , 
9033221,840003291032708,9,0,MEASURE    ,92,1/5/2025,265,                , 
9033222,840003291032709,9,0,MEASURE    ,92,1/5/2025,165,                , 
9033224,840003291032711,9,0,MEASURE    ,92,1/5/2025,198,                , 
9033225,840003291032712,9,0,MEASURE    ,92,1/5/2025,220,                , 
9033226,840003291032713,9,0,MEASURE    ,91,1/5/2025,201,                , 
9033227,840003291032714,9,0,MEASURE    ,91,1/5/2025,183,                , 
9033228,840003291032715,9,0,MEASURE    ,91,1/5/2025,189,                , 
9033229,840003291032716,9,0,MEASURE    ,91,1/5/2025,177,                , 
9033230,840003291032717,9,0,MEASURE    ,91,1/5/2025,215,                , 
9033232,840003291032719,9,0,MEASURE    ,91,1/5/2025,182,                , 
9033233,840003291032720,9,0,MEASURE    ,91,1/5/2025,171,                , 
9033234,840003291032721,9,0,MEASURE    ,90,1/5/2025,197,                , 
9033236,840003291032723,9,0,MEASURE    ,91,1/7/2025,194,                , 
9033237,840003291032724,9,0,MEASURE    ,91,1/7/2025,200,                , 
9033238,840003291032725,9,0,MEASURE    ,91,1/7/2025,186,                , 
9033240,840003291032727,9,0,MEASURE    ,92,1/9/2025,224,                , 
9033241,840003291032728,9,0,MEASURE    ,92,1/9/2025,191,                , 
9033243,840003291032730,9,0,MEASURE    ,91,1/9/2025,177,                , 
9033245,840003291032732,9,0,MEASURE    ,91,1/9/2025,158,                , 
9033247,840003291032734,9,0,MEASURE    ,92,1/11/2025,148,                , 
9033248,840003291032735,9,0,MEASURE    ,92,1/11/2025,196,                , 
9033249,840003291032736,9,0,MEASURE    ,92,1/11/2025,182,                , 
9033250,840003291032737,9,0,MEASURE    ,92,1/11/2025,180,                , 
9033251,840003291032738,9,0,MEASURE    ,92,1/11/2025,190,                , 
9033253,840003291032740,9,0,MEASURE    ,91,1/11/2025,170,                , 
9033254,840003291032741,9,0,MEASURE    ,91,1/11/2025,220,                , 
9033255,840003291032742,9,0,MEASURE    ,91,1/11/2025,164,                , 
9033256,840003291032743,9,0,MEASURE    ,91,1/11/2025,180,                , 
9033257,840003291032744,9,0,MEASURE    ,91,1/11/2025,212,                , 
9033259,840003291032746,9,0,MEASURE    ,91,1/12/2025,200,                , 
9033260,840003291032747,9,0,MEASURE    ,91,1/12/2025,225,                , 
9033261,840003291032748,9,0,MEASURE    ,91,1/12/2025,155,                , 
9033262,840003291032749,9,0,MEASURE    ,91,1/12/2025,170,                , 
9033263,840003291032750,9,0,MEASURE    ,91,1/12/2025,188,                , 
9033265,840003291032752,9,0,MEASURE    ,90,1/12/2025,175,                , 
9033266,840003291032753,9,0,MEASURE    ,90,1/12/2025,161,                , 
9033267,840003291032754,9,0,MEASURE    ,90,1/12/2025,185,                , 
11006936,840003280023880,11,0,MEASURE    ,116,1/11/2025,211,                , 
11006957,840003280023901,11,0,MEASURE    ,114,1/11/2025,273,                , 
11006976,840003280023920,11,0,MEASURE    ,105,1/7/2025,191,                , 
11006994,840003280023938,11,0,MEASURE    ,94,1/2/2025,200,                , 
11006995,840003280023939,11,0,MEASURE    ,93,1/2/2025,176,                , 
11006996,840003280023940,11,0,MEASURE    ,93,1/2/2025,254,                , 
11006997,840003280023941,11,0,MEASURE    ,93,1/2/2025,230,                , 
11006998,840003280023942,11,0,MEASURE    ,92,1/2/2025,218,                , 
11006999,840003280023943,11,0,MEASURE    ,92,1/2/2025,210,                , 
11007000,840003280023944,11,0,MEASURE    ,92,1/2/2025,214,                , 
11007001,840003280023945,11,0,MEASURE    ,94,1/4/2025,263,                , 
11007002,840003280023946,11,0,MEASURE    ,93,1/4/2025,237,                , 
11007003,840003280023947,11,0,MEASURE    ,93,1/4/2025,183,                , 
11007004,840003280023948,11,0,MEASURE    ,92,1/4/2025,240,                , 
11007005,840003280023949,11,0,MEASURE    ,92,1/4/2025,266,                , 
11007007,840003280023951,11,0,MEASURE    ,92,1/4/2025,224,                , 
11007008,840003280023952,11,0,MEASURE    ,93,1/5/2025,216,                , 
11007009,840003280023953,11,0,MEASURE    ,91,1/5/2025,229,                , 
11007010,840003280023954,11,0,MEASURE    ,91,1/5/2025,238,                , 
11007011,840003280023955,11,0,MEASURE    ,91,1/5/2025,180,                , 
11007012,840003280023956,11,0,MEASURE    ,91,1/5/2025,254,                , 
11007013,840003280023957,11,0,MEASURE    ,92,1/7/2025,220,                , 
11007014,840003280023958,11,0,MEASURE    ,92,1/7/2025,262,                , 
11007015,840003280023959,11,0,MEASURE    ,92,1/7/2025,232,                , 
11007016,840003280023960,11,0,MEASURE    ,92,1/7/2025,189,                , 
11007017,840003280023961,11,0,MEASURE    ,92,1/7/2025,229,                , 
11007020,840003280023964,11,0,MEASURE    ,91,1/7/2025,235,                , 
11007021,840003280023965,11,0,MEASURE    ,91,1/7/2025,205,                , 
11007022,840003280023966,11,0,MEASURE    ,92,1/9/2025,239,                , 
11007023,840003280023967,11,0,MEASURE    ,92,1/9/2025,240,                , 
11007024,840003280023968,11,0,MEASURE    ,91,1/9/2025,236,                , 
11007025,840003280023969,11,0,MEASURE    ,91,1/9/2025,196,                , 
11007026,840003280023970,11,0,MEASURE    ,91,1/9/2025,195,                , 
11007027,840003280023971,11,0,MEASURE    ,91,1/9/2025,279,                , 
11007029,840003280023973,11,0,MEASURE    ,90,1/9/2025,241,                , 
11007030,840003280023974,11,0,MEASURE    ,90,1/9/2025,196,                , 
11007031,840003280023975,11,0,MEASURE    ,90,1/9/2025,243,                , 
11007032,840003280023976,11,0,MEASURE    ,90,1/9/2025,163,                , 
11007033,840003280023977,11,0,MEASURE    ,90,1/9/2025,212,                , 
11007034,840003280023978,11,0,MEASURE    ,90,1/9/2025,195,                , 
11007035,840003280023979,11,0,MEASURE    ,90,1/9/2025,153,                , 
11007036,840003280023980,11,0,MEASURE    ,90,1/9/2025,203,                , 
11007037,840003280023981,11,0,MEASURE    ,90,1/9/2025,237,                , 
11007040,840003280023984,11,0,MEASURE    ,91,1/11/2025,243,                , 
11007041,840003280023985,11,0,MEASURE    ,91,1/12/2025,210,                , 
11007042,840003280023986,11,0,MEASURE    ,91,1/12/2025,168,                , 
11007043,840003280023987,11,0,MEASURE    ,91,1/12/2025,195,                , 
11007045,840003280023989,11,0,MEASURE    ,90,1/12/2025,228,                , 
11007046,840003280023990,11,0,MEASURE    ,90,1/12/2025,250,                , 
11010837,840003288683264,11,0,MEASURE    ,93,1/2/2025,249,                , 
11010838,840003288683265,11,0,MEASURE    ,93,1/2/2025,236,                , 
11010839,840003288683266,11,0,MEASURE    ,93,1/2/2025,258,                , 
11010840,840003288683267,11,0,MEASURE    ,93,1/2/2025,241,                , 
11010841,840003288683268,11,0,MEASURE    ,93,1/2/2025,264,                , 
11010842,840003288683269,11,0,MEASURE    ,93,1/2/2025,219,                , 
11010844,840003288683271,11,0,MEASURE    ,92,1/2/2025,239,                , 
11010845,840003288683272,11,0,MEASURE    ,92,1/2/2025,211,                , 
11010846,840003288683273,11,0,MEASURE    ,92,1/2/2025,293,                , 
11010847,840003288683274,11,0,MEASURE    ,92,1/2/2025,218,                , 
11010848,840003288683275,11,0,MEASURE    ,92,1/2/2025,251,                , 
11010849,840003288683276,11,0,MEASURE    ,93,1/4/2025,176,                , 
11010850,840003288683277,11,0,MEASURE    ,93,1/4/2025,201,                , 
11010852,840003288683279,11,0,MEASURE    ,93,1/4/2025,289,                , 
11010853,840003288683280,11,0,MEASURE    ,93,1/4/2025,271,                , 
11010857,840003288683284,11,0,MEASURE    ,93,1/4/2025,209,                , 
11010858,840003288683285,11,0,MEASURE    ,92,1/4/2025,265,                , 
11010859,840003288683286,11,0,MEASURE    ,92,1/4/2025,229,                , 
11010860,840003288683287,11,0,MEASURE    ,92,1/4/2025,220,                , 
11010861,840003288683288,11,0,MEASURE    ,92,1/5/2025,249,                , 
11010862,840003288683289,11,0,MEASURE    ,92,1/5/2025,211,                , 
11010863,840003288683290,11,0,MEASURE    ,92,1/5/2025,208,                , 
11010864,840003288683291,11,0,MEASURE    ,92,1/5/2025,218,                , 
11010866,840003288683293,11,0,MEASURE    ,92,1/5/2025,181,                , 
11010867,840003288683294,11,0,MEASURE    ,91,1/5/2025,174,                , 
11010868,840003288683295,11,0,MEASURE    ,91,1/5/2025,233,                , 
11010869,840003288683296,11,0,MEASURE    ,91,1/5/2025,203,                , 
11010870,840003288683297,11,0,MEASURE    ,91,1/5/2025,223,                , 
11010871,840003288683298,11,0,MEASURE    ,91,1/5/2025,247,                , 
11010872,840003288683299,11,0,MEASURE    ,91,1/5/2025,227,                , 
11010874,840003288683301,11,0,MEASURE    ,91,1/5/2025,256,                , 
11010875,840003288683302,11,0,MEASURE    ,91,1/5/2025,205,                , 
11010876,840003288683303,11,0,MEASURE    ,91,1/5/2025,200,                , 
11010876,840003288683303,11,0,MEASURE    ,91,1/5/2025,210,                , 
11010877,840003288683304,11,0,MEASURE    ,90,1/5/2025,253,                , 
11010878,840003288683305,11,0,MEASURE    ,90,1/5/2025,233,                , 
11010879,840003288683306,11,0,MEASURE    ,90,1/5/2025,245,                , 
11010880,840003288683307,11,0,MEASURE    ,90,1/5/2025,187,                , 
11010881,840003288683308,11,0,MEASURE    ,90,1/5/2025,198,                , 
11010882,840003288683309,11,0,MEASURE    ,90,1/5/2025,198,                , 
11010883,840003288683310,11,0,MEASURE    ,90,1/5/2025,235,                , 
11010884,840003288683311,11,0,MEASURE    ,91,1/7/2025,241,                , 
11010886,840003288683313,11,0,MEASURE    ,91,1/7/2025,254,                , 
11010887,840003288683314,11,0,MEASURE    ,91,1/7/2025,215,                , 
11010888,840003288683315,11,0,MEASURE    ,91,1/7/2025,187,                , 
11010889,840003288683316,11,0,MEASURE    ,91,1/7/2025,236,                , 
11010891,840003288683318,11,0,MEASURE    ,92,1/9/2025,198,                , 
11010892,840003288683319,11,0,MEASURE    ,92,1/9/2025,265,                , 
11010893,840003288683320,11,0,MEASURE    ,92,1/9/2025,202,                , 
11010894,840003288683321,11,0,MEASURE    ,92,1/9/2025,182,                , 
11010895,840003288683322,11,0,MEASURE    ,92,1/9/2025,251,                , 
11010896,840003288683323,11,0,MEASURE    ,92,1/9/2025,166,                , 
11010897,840003288683324,11,0,MEASURE    ,92,1/9/2025,199,                , 
11010898,840003297405537,11,0,MEASURE    ,91,1/9/2025,212,                , 
11010899,840003288683326,11,0,MEASURE    ,91,1/9/2025,184,                , 
11010900,840003288683327,11,0,MEASURE    ,91,1/9/2025,175,                , 
11010901,840003288683328,11,0,MEASURE    ,91,1/9/2025,203,                , 
11010903,840003288683330,11,0,MEASURE    ,91,1/9/2025,238,                , 
11010904,840003288683331,11,0,MEASURE    ,91,1/9/2025,216,                , 
11010905,840003288683332,11,0,MEASURE    ,91,1/9/2025,211,                , 
11010906,840003288683333,11,0,MEASURE    ,91,1/9/2025,238,                , 
11010907,840003288683334,11,0,MEASURE    ,90,1/9/2025,202,                , 
11010908,840003288683335,11,0,MEASURE    ,90,1/9/2025,230,                , 
11010909,840003288683336,11,0,MEASURE    ,90,1/9/2025,216,                , 
11010910,840003288683337,11,0,MEASURE    ,90,1/9/2025,207,                , 
11010911,840003288683338,11,0,MEASURE    ,90,1/9/2025,225,                , 
11010913,840003288683340,11,0,MEASURE    ,91,1/11/2025,214,                , 
11010914,840003288683341,11,0,MEASURE    ,91,1/11/2025,192,                , 
11010915,840003288683342,11,0,MEASURE    ,91,1/11/2025,193,                , 
11010916,840003288683343,11,0,MEASURE    ,91,1/11/2025,223,                , 
11010918,840003288683345,11,0,MEASURE    ,91,1/12/2025,246,                , 
11010919,840003288683346,11,0,MEASURE    ,91,1/12/2025,233,                , 
11010920,840003288683347,11,0,MEASURE    ,91,1/12/2025,245,                , 
11010921,840003288683348,11,0,MEASURE    ,91,1/12/2025,217,                , 
11010922,840003288683349,11,0,MEASURE    ,91,1/12/2025,258,                , 
11010923,840003288683350,11,0,MEASURE    ,90,1/12/2025,237,                , 
11010924,840003288683351,11,0,MEASURE    ,90,1/12/2025,208,                , 
11010926,840003288683353,11,0,MEASURE    ,90,1/12/2025,209,                , 
11010927,840003288683354,11,0,MEASURE    ,90,1/12/2025,265,                , 
14049865,840003290177749,14,0,MEASURE    ,219,1/10/2025,278,                , 
14049991,840003290177806,14,0,MEASURE    ,196,1/10/2025,351,                , 
14050012,840003290177752,14,0,MEASURE    ,193,1/10/2025,360,                , 
14050034,840003290177472,14,0,MEASURE    ,190,1/10/2025,325,                , 
14050091,840003290177784,14,0,MEASURE    ,174,1/10/2025,354,                , 
14050093,840003290177422,14,0,MEASURE    ,173,1/10/2025,336,                , 
14050094,840003290177796,14,0,MEASURE    ,173,1/10/2025,379,                , 
14050106,840003290177817,14,0,MEASURE    ,171,1/10/2025,306,                , 
14050111,840003290177733,14,0,MEASURE    ,169,1/10/2025,341,                , 
14050124,840003290177437,14,0,MEASURE    ,165,1/10/2025,299,                , 
14050125,840003290177744,14,0,MEASURE    ,165,1/10/2025,325,                , 
14050129,840003290177726,14,0,MEASURE    ,164,1/10/2025,298,                , 
14050130,840003290177762,14,0,MEASURE    ,164,1/10/2025,320,                , 
14050131,840003290177814,14,0,MEASURE    ,164,1/10/2025,311,                , 
14050132,840003290177750,14,0,MEASURE    ,164,1/10/2025,324,                , 
14050137,840003290177772,14,0,MEASURE    ,162,1/10/2025,350,                , 
14050138,840003290177512,14,0,MEASURE    ,162,1/10/2025,364,                , 
14050139,840003290177746,14,0,MEASURE    ,161,1/10/2025,334,                , 
14050142,840003290177812,14,0,MEASURE    ,161,1/10/2025,347,                , 
14050144,840003290177754,14,0,MEASURE    ,161,1/10/2025,356,                , 
14050146,840003290177810,14,0,MEASURE    ,161,1/10/2025,327,                , 
14050147,840003290177735,14,0,MEASURE    ,161,1/10/2025,326,                , 
14050150,840003290177724,14,0,MEASURE    ,160,1/10/2025,364,                , 
14050154,840003290177495,14,0,MEASURE    ,160,1/10/2025,324,                , 
14050155,840003290177755,14,0,MEASURE    ,159,1/10/2025,292,                , 
14050156,840003290177483,14,0,MEASURE    ,159,1/10/2025,318,                , 
14050158,840003290177476,14,0,MEASURE    ,159,1/10/2025,339,                , 
14050159,840003290177794,14,0,MEASURE    ,159,1/10/2025,343,                , 
14050162,840003290177811,14,0,MEASURE    ,158,1/10/2025,342,                , 
14050163,840003290177764,14,0,MEASURE    ,158,1/10/2025,340,                , 
14050166,840003290177820,14,0,MEASURE    ,157,1/10/2025,360,                , 
14050167,840003290177743,14,0,MEASURE    ,156,1/10/2025,341,                , 
14050168,840003290177728,14,0,MEASURE    ,157,1/10/2025,341,                , 
14050169,840003290177439,14,0,MEASURE    ,157,1/10/2025,288,                , 
14050171,840003290177763,14,0,MEASURE    ,157,1/10/2025,410,                , 
14050173,840003290177500,14,0,MEASURE    ,156,1/10/2025,364,                , 
14050174,840003290177807,14,0,MEASURE    ,154,1/10/2025,300,                , 
14050176,840003290177791,14,0,MEASURE    ,154,1/10/2025,355,                , 
14050177,840003290177480,14,0,MEASURE    ,154,1/10/2025,308,                , 
14050182,840003290177777,14,0,MEASURE    ,153,1/10/2025,337,                , 
14050187,840003290177795,14,0,MEASURE    ,151,1/10/2025,301,                , 
14050193,840003290177758,14,0,MEASURE    ,151,1/10/2025,325,                , 
14050196,840003290177767,14,0,MEASURE    ,150,1/10/2025,332,                , 
14050199,840003290177757,14,0,MEASURE    ,150,1/10/2025,332,                , 
14050200,840003290177815,14,0,MEASURE    ,149,1/10/2025,311,                , 
14050202,840003290177518,14,0,MEASURE    ,149,1/10/2025,347,                , 
14050206,840003290177460,14,0,MEASURE    ,149,1/10/2025,325,                , 
14050207,840003290177769,14,0,MEASURE    ,149,1/10/2025,337,                , 
14050210,840003290177742,14,0,MEASURE    ,148,1/10/2025,319,                , 
14050212,840003290177517,14,0,MEASURE    ,148,1/10/2025,350,                , 
14050214,840003290177780,14,0,MEASURE    ,147,1/10/2025,360,                , 
14050218,840003290177453,14,0,MEASURE    ,146,1/10/2025,320,                , 
14050221,840003290177775,14,0,MEASURE    ,146,1/10/2025,362,                , 
14050229,840003290177741,14,0,MEASURE    ,145,1/10/2025,341,                , 
14050230,840003290177738,14,0,MEASURE    ,146,1/10/2025,354,                , 
14050233,840003290177805,14,0,MEASURE    ,145,1/10/2025,342,                , 
14050238,840003290177447,14,0,MEASURE    ,145,1/10/2025,345,                , 
14050239,840003290177747,14,0,MEASURE    ,145,1/10/2025,326,                , 
14050242,840003290177756,14,0,MEASURE    ,144,1/10/2025,360,                , 
14050252,840003290177463,14,0,MEASURE    ,143,1/10/2025,299,                , 
14050255,840003290177475,14,0,MEASURE    ,143,1/10/2025,327,                , 
14050260,840003290177491,14,0,MEASURE    ,143,1/10/2025,323,                , 
14050261,840003290177760,14,0,MEASURE    ,142,1/10/2025,31,                , 
14050276,840003290177768,14,0,MEASURE    ,141,1/10/2025,353,                , 
14050277,840003290177808,14,0,MEASURE    ,141,1/10/2025,341,                , 
14050279,840003290177734,14,0,MEASURE    ,141,1/10/2025,339,                , 
14050280,840003290177799,14,0,MEASURE    ,141,1/10/2025,371,                , 
14050283,840003290177730,14,0,MEASURE    ,141,1/10/2025,340,                , 
14050300,840003290177816,14,0,MEASURE    ,140,1/10/2025,336,                , 
14050302,840003290177430,14,0,MEASURE    ,139,1/10/2025,326,                , 
14050309,840003290177787,14,0,MEASURE    ,139,1/10/2025,304,                , 
14050312,840003290177729,14,0,MEASURE    ,139,1/10/2025,323,                , 
14050315,840003290177782,14,0,MEASURE    ,138,1/10/2025,319,                , 
14050316,840003290177506,14,0,MEASURE    ,137,1/10/2025,363,                , 
14050320,840003290177465,14,0,MEASURE    ,137,1/10/2025,334,                , 
14050323,840003290177751,14,0,MEASURE    ,137,1/10/2025,353,                , 
14075708,840003290177809,14,0,MEASURE    ,163,1/10/2025,293,                , 
14075714,840003290177804,14,0,MEASURE    ,162,1/10/2025,261,                , 
14075718,840003290177788,14,0,MEASURE    ,162,1/10/2025,322,                , 
14075721,840003290177421,14,0,MEASURE    ,162,1/10/2025,304,                , 
14075738,840003290177727,14,0,MEASURE    ,160,1/10/2025,295,                , 
14075748,840003290177436,14,0,MEASURE    ,160,1/10/2025,286,                , 
14075749,840003290177478,14,0,MEASURE    ,159,1/10/2025,326,                , 
14075751,840003290177776,14,0,MEASURE    ,159,1/10/2025,353,                , 
14075758,840003290177801,14,0,MEASURE    ,159,1/10/2025,309,                , 
14075759,840003290177725,14,0,MEASURE    ,159,1/10/2025,302,                , 
14075763,840003290177481,14,0,MEASURE    ,158,1/10/2025,354,                , 
14075764,840003290177432,14,0,MEASURE    ,158,1/10/2025,349,                , 
14075765,840003290177516,14,0,MEASURE    ,158,1/10/2025,348,                , 
14075767,840003290177781,14,0,MEASURE    ,158,1/10/2025,316,                , 
14075768,840003290177779,14,0,MEASURE    ,158,1/10/2025,350,                , 
14075773,840003290177819,14,0,MEASURE    ,158,1/10/2025,352,                , 
14075775,840003290177732,14,0,MEASURE    ,157,1/10/2025,312,                , 
14075776,840003290177748,14,0,MEASURE    ,157,1/10/2025,346,                , 
14075778,840003290177786,14,0,MEASURE    ,157,1/10/2025,333,                , 
14075784,840003290177765,14,0,MEASURE    ,157,1/10/2025,323,                , 
14075787,840003290177722,14,0,MEASURE    ,156,1/10/2025,388,                , 
14075790,840003290177736,14,0,MEASURE    ,156,1/10/2025,316,                , 
14075795,840003290177737,14,0,MEASURE    ,155,1/10/2025,315,                , 
14075796,840003290177461,14,0,MEASURE    ,155,1/10/2025,265,                , 
14075801,840003290177770,14,0,MEASURE    ,155,1/10/2025,311,                , 
14075806,840003290177499,14,0,MEASURE    ,154,1/10/2025,335,                , 
14075816,840003290177773,14,0,MEASURE    ,153,1/10/2025,294,                , 
14075817,840003290177745,14,0,MEASURE    ,153,1/10/2025,342,                , 
14075829,840003290177485,14,0,MEASURE    ,152,1/10/2025,334,                , 
14075830,840003290177790,14,0,MEASURE    ,152,1/10/2025,294,                , 
14076187,840003290177759,14,0,MEASURE    ,247,1/10/2025,385,                , 
14076426,840003290177771,14,0,MEASURE    ,221,1/10/2025,324,                , 
14076495,840003290177802,14,0,MEASURE    ,211,1/10/2025,475,                , 
14076515,840003290177510,14,0,MEASURE    ,209,1/10/2025,314,                , 
14076558,840003290177766,14,0,MEASURE    ,205,1/10/2025,369,                , 
14076562,840003290177490,14,0,MEASURE    ,205,1/10/2025,333,                , 
14076581,840003290177753,14,0,MEASURE    ,201,1/10/2025,332,                , 
14076600,840003290177803,14,0,MEASURE    ,199,1/10/2025,370,                , 
14076605,840003290177789,14,0,MEASURE    ,199,1/10/2025,310,                , 
14076624,840003290177449,14,0,MEASURE    ,197,1/10/2025,423,                , 
14076627,840003290177489,14,0,MEASURE    ,197,1/10/2025,282,                , 
14076629,840003290177798,14,0,MEASURE    ,197,1/10/2025,376,                , 
14076644,840003290177494,14,0,MEASURE    ,195,1/10/2025,268,                , 
14076647,840003290177778,14,0,MEASURE    ,194,1/10/2025,388,                , 
14076668,840003290177813,14,0,MEASURE    ,193,1/10/2025,375,                , 
14076673,840003290177520,14,0,MEASURE    ,192,1/10/2025,298,                , 
14076679,840003290177503,14,0,MEASURE    ,191,1/10/2025,305,                , 
14076684,840003290177502,14,0,MEASURE    ,191,1/10/2025,310,                , 
14076706,840003290177797,14,0,MEASURE    ,190,1/10/2025,292,                , 
14076708,840003290177793,14,0,MEASURE    ,190,1/10/2025,301,                , 
14076709,840003290177800,14,0,MEASURE    ,189,1/10/2025,363,                , 
14076717,840003290177723,14,0,MEASURE    ,190,1/10/2025,322,                , 
14076753,840003290177438,14,0,MEASURE    ,187,1/10/2025,341,                , 
14076763,840003290177482,14,0,MEASURE    ,186,1/10/2025,273,                , 
14076764,840003290177818,14,0,MEASURE    ,186,1/10/2025,273,                , 
14076770,840003290177740,14,0,MEASURE    ,186,1/10/2025,300,                , 
14076780,840003290177486,14,0,MEASURE    ,185,1/10/2025,273,                , 
14076796,840003290177451,14,0,MEASURE    ,184,1/10/2025,281,                , 
14076797,840003290177488,14,0,MEASURE    ,184,1/10/2025,360,                , 
14076850,840003290177774,14,0,MEASURE    ,178,1/10/2025,325,                , 
14076861,840003290177783,14,0,MEASURE    ,177,1/10/2025,307,                , 
14076870,840003290177509,14,0,MEASURE    ,177,1/10/2025,3055,                , 
14076886,840003290177721,14,0,MEASURE    ,175,1/10/2025,310,                , 
14076890,840003290177761,14,0,MEASURE    ,174,1/10/2025,335,                , 
14076904,840003290177731,14,0,MEASURE    ,172,1/10/2025,300,                , 
14076920,840003290177792,14,0,MEASURE    ,170,1/10/2025,352,                , 
14076924,840003290177424,14,0,MEASURE    ,170,1/10/2025,368,                , 
14076935,840003290177785,14,0,MEASURE    ,169,1/10/2025,312,                , 
14076961,840003290177739,14,0,MEASURE    ,167,1/10/2025,306,                , 
14076966,840003290177442,14,0,MEASURE    ,167,1/10/2025,353,                , 
14076975,840003290177508,14,0,MEASURE    ,166,1/10/2025,284,                , 
14076982,840003290177501,14,0,MEASURE    ,165,1/10/2025,300,                , 
14076990,840003290177441,14,0,MEASURE    ,164,1/10/2025,328,                , 
